Python path configuration:
  PYTHONHOME = (not set)
  PYTHONPATH = 'src'
  program name = '/Applications/Xcode.app/Contents/Developer/usr/bin/python3'
  isolated = 0
  environment = 1
  user site = 1
  import site = 1
  sys._base_executable = '/Applications/Xcode.app/Contents/Developer/usr/bin/python3'
  sys.base_prefix = '/Applications/Xcode.app/Contents/Developer/Library/Frameworks/Python3.framework/Versions/3.9'
  sys.base_exec_prefix = '/Applications/Xcode.app/Contents/Developer/Library/Frameworks/Python3.framework/Versions/3.9'
  sys.platlibdir = 'lib'
  sys.executable = '/Applications/Xcode.app/Contents/Developer/usr/bin/python3'
  sys.prefix = '/Applications/Xcode.app/Contents/Developer/Library/Frameworks/Python3.framework/Versions/3.9'
  sys.exec_prefix = '/Applications/Xcode.app/Contents/Developer/Library/Frameworks/Python3.framework/Versions/3.9'
  sys.path = [
    'src',
    '/Applications/Xcode.app/Contents/Developer/Library/Frameworks/Python3.framework/Versions/3.9/lib/python39.zip',
    '/Applications/Xcode.app/Contents/Developer/Library/Frameworks/Python3.framework/Versions/3.9/lib/python3.9',
    '/Applications/Xcode.app/Contents/Developer/Library/Frameworks/Python3.framework/Versions/3.9/lib/python3.9/lib-dynload',
  ]
Fatal Python error: init_fs_encoding: failed to get the Python codec of the filesystem encoding
Python runtime state: core initialized
Traceback (most recent call last):
  File "<frozen importlib._bootstrap_external>", line 1353, in _path_importer_cache
KeyError: 'src'

During handling of the above exception, another exception occurred:

Traceback (most recent call last):
  File "<frozen importlib._bootstrap>", line 1007, in _find_and_load
  File "<frozen importlib._bootstrap>", line 982, in _find_and_load_unlocked
  File "<frozen importlib._bootstrap>", line 925, in _find_spec
  File "<frozen importlib._bootstrap_external>", line 1414, in find_spec
  File "<frozen importlib._bootstrap_external>", line 1383, in _get_spec
  File "<frozen importlib._bootstrap_external>", line 1355, in _path_importer_cache
  File "<frozen importlib._bootstrap_external>", line 1331, in _path_hooks
  File "<frozen importlib._bootstrap_external>", line 1601, in path_hook_for_FileFinder
  File "<frozen importlib._bootstrap_external>", line 1477, in __init__
PermissionError: [Errno 1] Operation not permitted
Python path configuration:
  PYTHONHOME = (not set)
  PYTHONPATH = 'src'
  program name = '/Applications/Xcode.app/Contents/Developer/usr/bin/python3'
  isolated = 0
  environment = 1
  user site = 1
  import site = 1
  sys._base_executable = '/Applications/Xcode.app/Contents/Developer/usr/bin/python3'
  sys.base_prefix = '/Applications/Xcode.app/Contents/Developer/Library/Frameworks/Python3.framework/Versions/3.9'
  sys.base_exec_prefix = '/Applications/Xcode.app/Contents/Developer/Library/Frameworks/Python3.framework/Versions/3.9'
  sys.platlibdir = 'lib'
  sys.executable = '/Applications/Xcode.app/Contents/Developer/usr/bin/python3'
  sys.prefix = '/Applications/Xcode.app/Contents/Developer/Library/Frameworks/Python3.framework/Versions/3.9'
  sys.exec_prefix = '/Applications/Xcode.app/Contents/Developer/Library/Frameworks/Python3.framework/Versions/3.9'
  sys.path = [
    'src',
    '/Applications/Xcode.app/Contents/Developer/Library/Frameworks/Python3.framework/Versions/3.9/lib/python39.zip',
    '/Applications/Xcode.app/Contents/Developer/Library/Frameworks/Python3.framework/Versions/3.9/lib/python3.9',
    '/Applications/Xcode.app/Contents/Developer/Library/Frameworks/Python3.framework/Versions/3.9/lib/python3.9/lib-dynload',
  ]
Fatal Python error: init_fs_encoding: failed to get the Python codec of the filesystem encoding
Python runtime state: core initialized
Traceback (most recent call last):
  File "<frozen importlib._bootstrap_external>", line 1353, in _path_importer_cache
KeyError: 'src'

During handling of the above exception, another exception occurred:

Traceback (most recent call last):
  File "<frozen importlib._bootstrap>", line 1007, in _find_and_load
  File "<frozen importlib._bootstrap>", line 982, in _find_and_load_unlocked
  File "<frozen importlib._bootstrap>", line 925, in _find_spec
  File "<frozen importlib._bootstrap_external>", line 1414, in find_spec
  File "<frozen importlib._bootstrap_external>", line 1383, in _get_spec
  File "<frozen importlib._bootstrap_external>", line 1355, in _path_importer_cache
  File "<frozen importlib._bootstrap_external>", line 1331, in _path_hooks
  File "<frozen importlib._bootstrap_external>", line 1601, in path_hook_for_FileFinder
  File "<frozen importlib._bootstrap_external>", line 1477, in __init__
PermissionError: [Errno 1] Operation not permitted
Python path configuration:
  PYTHONHOME = (not set)
  PYTHONPATH = 'src'
  program name = '/Applications/Xcode.app/Contents/Developer/usr/bin/python3'
  isolated = 0
  environment = 1
  user site = 1
  import site = 1
  sys._base_executable = '/Applications/Xcode.app/Contents/Developer/usr/bin/python3'
  sys.base_prefix = '/Applications/Xcode.app/Contents/Developer/Library/Frameworks/Python3.framework/Versions/3.9'
  sys.base_exec_prefix = '/Applications/Xcode.app/Contents/Developer/Library/Frameworks/Python3.framework/Versions/3.9'
  sys.platlibdir = 'lib'
  sys.executable = '/Applications/Xcode.app/Contents/Developer/usr/bin/python3'
  sys.prefix = '/Applications/Xcode.app/Contents/Developer/Library/Frameworks/Python3.framework/Versions/3.9'
  sys.exec_prefix = '/Applications/Xcode.app/Contents/Developer/Library/Frameworks/Python3.framework/Versions/3.9'
  sys.path = [
    'src',
    '/Applications/Xcode.app/Contents/Developer/Library/Frameworks/Python3.framework/Versions/3.9/lib/python39.zip',
    '/Applications/Xcode.app/Contents/Developer/Library/Frameworks/Python3.framework/Versions/3.9/lib/python3.9',
    '/Applications/Xcode.app/Contents/Developer/Library/Frameworks/Python3.framework/Versions/3.9/lib/python3.9/lib-dynload',
  ]
Fatal Python error: init_fs_encoding: failed to get the Python codec of the filesystem encoding
Python runtime state: core initialized
Traceback (most recent call last):
  File "<frozen importlib._bootstrap_external>", line 1353, in _path_importer_cache
KeyError: 'src'

During handling of the above exception, another exception occurred:

Traceback (most recent call last):
  File "<frozen importlib._bootstrap>", line 1007, in _find_and_load
  File "<frozen importlib._bootstrap>", line 982, in _find_and_load_unlocked
  File "<frozen importlib._bootstrap>", line 925, in _find_spec
  File "<frozen importlib._bootstrap_external>", line 1414, in find_spec
  File "<frozen importlib._bootstrap_external>", line 1383, in _get_spec
  File "<frozen importlib._bootstrap_external>", line 1355, in _path_importer_cache
  File "<frozen importlib._bootstrap_external>", line 1331, in _path_hooks
  File "<frozen importlib._bootstrap_external>", line 1601, in path_hook_for_FileFinder
  File "<frozen importlib._bootstrap_external>", line 1477, in __init__
PermissionError: [Errno 1] Operation not permitted
Python path configuration:
  PYTHONHOME = (not set)
  PYTHONPATH = 'src'
  program name = '/Applications/Xcode.app/Contents/Developer/usr/bin/python3'
  isolated = 0
  environment = 1
  user site = 1
  import site = 1
  sys._base_executable = '/Applications/Xcode.app/Contents/Developer/usr/bin/python3'
  sys.base_prefix = '/Applications/Xcode.app/Contents/Developer/Library/Frameworks/Python3.framework/Versions/3.9'
  sys.base_exec_prefix = '/Applications/Xcode.app/Contents/Developer/Library/Frameworks/Python3.framework/Versions/3.9'
  sys.platlibdir = 'lib'
  sys.executable = '/Applications/Xcode.app/Contents/Developer/usr/bin/python3'
  sys.prefix = '/Applications/Xcode.app/Contents/Developer/Library/Frameworks/Python3.framework/Versions/3.9'
  sys.exec_prefix = '/Applications/Xcode.app/Contents/Developer/Library/Frameworks/Python3.framework/Versions/3.9'
  sys.path = [
    'src',
    '/Applications/Xcode.app/Contents/Developer/Library/Frameworks/Python3.framework/Versions/3.9/lib/python39.zip',
    '/Applications/Xcode.app/Contents/Developer/Library/Frameworks/Python3.framework/Versions/3.9/lib/python3.9',
    '/Applications/Xcode.app/Contents/Developer/Library/Frameworks/Python3.framework/Versions/3.9/lib/python3.9/lib-dynload',
  ]
Fatal Python error: init_fs_encoding: failed to get the Python codec of the filesystem encoding
Python runtime state: core initialized
Traceback (most recent call last):
  File "<frozen importlib._bootstrap_external>", line 1353, in _path_importer_cache
KeyError: 'src'

During handling of the above exception, another exception occurred:

Traceback (most recent call last):
  File "<frozen importlib._bootstrap>", line 1007, in _find_and_load
  File "<frozen importlib._bootstrap>", line 982, in _find_and_load_unlocked
  File "<frozen importlib._bootstrap>", line 925, in _find_spec
  File "<frozen importlib._bootstrap_external>", line 1414, in find_spec
  File "<frozen importlib._bootstrap_external>", line 1383, in _get_spec
  File "<frozen importlib._bootstrap_external>", line 1355, in _path_importer_cache
  File "<frozen importlib._bootstrap_external>", line 1331, in _path_hooks
  File "<frozen importlib._bootstrap_external>", line 1601, in path_hook_for_FileFinder
  File "<frozen importlib._bootstrap_external>", line 1477, in __init__
PermissionError: [Errno 1] Operation not permitted
Python path configuration:
  PYTHONHOME = (not set)
  PYTHONPATH = 'src'
  program name = '/Applications/Xcode.app/Contents/Developer/usr/bin/python3'
  isolated = 0
  environment = 1
  user site = 1
  import site = 1
  sys._base_executable = '/Applications/Xcode.app/Contents/Developer/usr/bin/python3'
  sys.base_prefix = '/Applications/Xcode.app/Contents/Developer/Library/Frameworks/Python3.framework/Versions/3.9'
  sys.base_exec_prefix = '/Applications/Xcode.app/Contents/Developer/Library/Frameworks/Python3.framework/Versions/3.9'
  sys.platlibdir = 'lib'
  sys.executable = '/Applications/Xcode.app/Contents/Developer/usr/bin/python3'
  sys.prefix = '/Applications/Xcode.app/Contents/Developer/Library/Frameworks/Python3.framework/Versions/3.9'
  sys.exec_prefix = '/Applications/Xcode.app/Contents/Developer/Library/Frameworks/Python3.framework/Versions/3.9'
  sys.path = [
    'src',
    '/Applications/Xcode.app/Contents/Developer/Library/Frameworks/Python3.framework/Versions/3.9/lib/python39.zip',
    '/Applications/Xcode.app/Contents/Developer/Library/Frameworks/Python3.framework/Versions/3.9/lib/python3.9',
    '/Applications/Xcode.app/Contents/Developer/Library/Frameworks/Python3.framework/Versions/3.9/lib/python3.9/lib-dynload',
  ]
Fatal Python error: init_fs_encoding: failed to get the Python codec of the filesystem encoding
Python runtime state: core initialized
Traceback (most recent call last):
  File "<frozen importlib._bootstrap_external>", line 1353, in _path_importer_cache
KeyError: 'src'

During handling of the above exception, another exception occurred:

Traceback (most recent call last):
  File "<frozen importlib._bootstrap>", line 1007, in _find_and_load
  File "<frozen importlib._bootstrap>", line 982, in _find_and_load_unlocked
  File "<frozen importlib._bootstrap>", line 925, in _find_spec
  File "<frozen importlib._bootstrap_external>", line 1414, in find_spec
  File "<frozen importlib._bootstrap_external>", line 1383, in _get_spec
  File "<frozen importlib._bootstrap_external>", line 1355, in _path_importer_cache
  File "<frozen importlib._bootstrap_external>", line 1331, in _path_hooks
  File "<frozen importlib._bootstrap_external>", line 1601, in path_hook_for_FileFinder
  File "<frozen importlib._bootstrap_external>", line 1477, in __init__
PermissionError: [Errno 1] Operation not permitted
Python path configuration:
  PYTHONHOME = (not set)
  PYTHONPATH = 'src'
  program name = '/Applications/Xcode.app/Contents/Developer/usr/bin/python3'
  isolated = 0
  environment = 1
  user site = 1
  import site = 1
  sys._base_executable = '/Applications/Xcode.app/Contents/Developer/usr/bin/python3'
  sys.base_prefix = '/Applications/Xcode.app/Contents/Developer/Library/Frameworks/Python3.framework/Versions/3.9'
  sys.base_exec_prefix = '/Applications/Xcode.app/Contents/Developer/Library/Frameworks/Python3.framework/Versions/3.9'
  sys.platlibdir = 'lib'
  sys.executable = '/Applications/Xcode.app/Contents/Developer/usr/bin/python3'
  sys.prefix = '/Applications/Xcode.app/Contents/Developer/Library/Frameworks/Python3.framework/Versions/3.9'
  sys.exec_prefix = '/Applications/Xcode.app/Contents/Developer/Library/Frameworks/Python3.framework/Versions/3.9'
  sys.path = [
    'src',
    '/Applications/Xcode.app/Contents/Developer/Library/Frameworks/Python3.framework/Versions/3.9/lib/python39.zip',
    '/Applications/Xcode.app/Contents/Developer/Library/Frameworks/Python3.framework/Versions/3.9/lib/python3.9',
    '/Applications/Xcode.app/Contents/Developer/Library/Frameworks/Python3.framework/Versions/3.9/lib/python3.9/lib-dynload',
  ]
Fatal Python error: init_fs_encoding: failed to get the Python codec of the filesystem encoding
Python runtime state: core initialized
Traceback (most recent call last):
  File "<frozen importlib._bootstrap_external>", line 1353, in _path_importer_cache
KeyError: 'src'

During handling of the above exception, another exception occurred:

Traceback (most recent call last):
  File "<frozen importlib._bootstrap>", line 1007, in _find_and_load
  File "<frozen importlib._bootstrap>", line 982, in _find_and_load_unlocked
  File "<frozen importlib._bootstrap>", line 925, in _find_spec
  File "<frozen importlib._bootstrap_external>", line 1414, in find_spec
  File "<frozen importlib._bootstrap_external>", line 1383, in _get_spec
  File "<frozen importlib._bootstrap_external>", line 1355, in _path_importer_cache
  File "<frozen importlib._bootstrap_external>", line 1331, in _path_hooks
  File "<frozen importlib._bootstrap_external>", line 1601, in path_hook_for_FileFinder
  File "<frozen importlib._bootstrap_external>", line 1477, in __init__
PermissionError: [Errno 1] Operation not permitted
Python path configuration:
  PYTHONHOME = (not set)
  PYTHONPATH = 'src'
  program name = '/Applications/Xcode.app/Contents/Developer/usr/bin/python3'
  isolated = 0
  environment = 1
  user site = 1
  import site = 1
  sys._base_executable = '/Applications/Xcode.app/Contents/Developer/usr/bin/python3'
  sys.base_prefix = '/Applications/Xcode.app/Contents/Developer/Library/Frameworks/Python3.framework/Versions/3.9'
  sys.base_exec_prefix = '/Applications/Xcode.app/Contents/Developer/Library/Frameworks/Python3.framework/Versions/3.9'
  sys.platlibdir = 'lib'
  sys.executable = '/Applications/Xcode.app/Contents/Developer/usr/bin/python3'
  sys.prefix = '/Applications/Xcode.app/Contents/Developer/Library/Frameworks/Python3.framework/Versions/3.9'
  sys.exec_prefix = '/Applications/Xcode.app/Contents/Developer/Library/Frameworks/Python3.framework/Versions/3.9'
  sys.path = [
    'src',
    '/Applications/Xcode.app/Contents/Developer/Library/Frameworks/Python3.framework/Versions/3.9/lib/python39.zip',
    '/Applications/Xcode.app/Contents/Developer/Library/Frameworks/Python3.framework/Versions/3.9/lib/python3.9',
    '/Applications/Xcode.app/Contents/Developer/Library/Frameworks/Python3.framework/Versions/3.9/lib/python3.9/lib-dynload',
  ]
Fatal Python error: init_fs_encoding: failed to get the Python codec of the filesystem encoding
Python runtime state: core initialized
Traceback (most recent call last):
  File "<frozen importlib._bootstrap_external>", line 1353, in _path_importer_cache
KeyError: 'src'

During handling of the above exception, another exception occurred:

Traceback (most recent call last):
  File "<frozen importlib._bootstrap>", line 1007, in _find_and_load
  File "<frozen importlib._bootstrap>", line 982, in _find_and_load_unlocked
  File "<frozen importlib._bootstrap>", line 925, in _find_spec
  File "<frozen importlib._bootstrap_external>", line 1414, in find_spec
  File "<frozen importlib._bootstrap_external>", line 1383, in _get_spec
  File "<frozen importlib._bootstrap_external>", line 1355, in _path_importer_cache
  File "<frozen importlib._bootstrap_external>", line 1331, in _path_hooks
  File "<frozen importlib._bootstrap_external>", line 1601, in path_hook_for_FileFinder
  File "<frozen importlib._bootstrap_external>", line 1477, in __init__
PermissionError: [Errno 1] Operation not permitted
Python path configuration:
  PYTHONHOME = (not set)
  PYTHONPATH = 'src'
  program name = '/Applications/Xcode.app/Contents/Developer/usr/bin/python3'
  isolated = 0
  environment = 1
  user site = 1
  import site = 1
  sys._base_executable = '/Applications/Xcode.app/Contents/Developer/usr/bin/python3'
  sys.base_prefix = '/Applications/Xcode.app/Contents/Developer/Library/Frameworks/Python3.framework/Versions/3.9'
  sys.base_exec_prefix = '/Applications/Xcode.app/Contents/Developer/Library/Frameworks/Python3.framework/Versions/3.9'
  sys.platlibdir = 'lib'
  sys.executable = '/Applications/Xcode.app/Contents/Developer/usr/bin/python3'
  sys.prefix = '/Applications/Xcode.app/Contents/Developer/Library/Frameworks/Python3.framework/Versions/3.9'
  sys.exec_prefix = '/Applications/Xcode.app/Contents/Developer/Library/Frameworks/Python3.framework/Versions/3.9'
  sys.path = [
    'src',
    '/Applications/Xcode.app/Contents/Developer/Library/Frameworks/Python3.framework/Versions/3.9/lib/python39.zip',
    '/Applications/Xcode.app/Contents/Developer/Library/Frameworks/Python3.framework/Versions/3.9/lib/python3.9',
    '/Applications/Xcode.app/Contents/Developer/Library/Frameworks/Python3.framework/Versions/3.9/lib/python3.9/lib-dynload',
  ]
Fatal Python error: init_fs_encoding: failed to get the Python codec of the filesystem encoding
Python runtime state: core initialized
Traceback (most recent call last):
  File "<frozen importlib._bootstrap_external>", line 1353, in _path_importer_cache
KeyError: 'src'

During handling of the above exception, another exception occurred:

Traceback (most recent call last):
  File "<frozen importlib._bootstrap>", line 1007, in _find_and_load
  File "<frozen importlib._bootstrap>", line 982, in _find_and_load_unlocked
  File "<frozen importlib._bootstrap>", line 925, in _find_spec
  File "<frozen importlib._bootstrap_external>", line 1414, in find_spec
  File "<frozen importlib._bootstrap_external>", line 1383, in _get_spec
  File "<frozen importlib._bootstrap_external>", line 1355, in _path_importer_cache
  File "<frozen importlib._bootstrap_external>", line 1331, in _path_hooks
  File "<frozen importlib._bootstrap_external>", line 1601, in path_hook_for_FileFinder
  File "<frozen importlib._bootstrap_external>", line 1477, in __init__
PermissionError: [Errno 1] Operation not permitted
Python path configuration:
  PYTHONHOME = (not set)
  PYTHONPATH = 'src'
  program name = '/Applications/Xcode.app/Contents/Developer/usr/bin/python3'
  isolated = 0
  environment = 1
  user site = 1
  import site = 1
  sys._base_executable = '/Applications/Xcode.app/Contents/Developer/usr/bin/python3'
  sys.base_prefix = '/Applications/Xcode.app/Contents/Developer/Library/Frameworks/Python3.framework/Versions/3.9'
  sys.base_exec_prefix = '/Applications/Xcode.app/Contents/Developer/Library/Frameworks/Python3.framework/Versions/3.9'
  sys.platlibdir = 'lib'
  sys.executable = '/Applications/Xcode.app/Contents/Developer/usr/bin/python3'
  sys.prefix = '/Applications/Xcode.app/Contents/Developer/Library/Frameworks/Python3.framework/Versions/3.9'
  sys.exec_prefix = '/Applications/Xcode.app/Contents/Developer/Library/Frameworks/Python3.framework/Versions/3.9'
  sys.path = [
    'src',
    '/Applications/Xcode.app/Contents/Developer/Library/Frameworks/Python3.framework/Versions/3.9/lib/python39.zip',
    '/Applications/Xcode.app/Contents/Developer/Library/Frameworks/Python3.framework/Versions/3.9/lib/python3.9',
    '/Applications/Xcode.app/Contents/Developer/Library/Frameworks/Python3.framework/Versions/3.9/lib/python3.9/lib-dynload',
  ]
Fatal Python error: init_fs_encoding: failed to get the Python codec of the filesystem encoding
Python runtime state: core initialized
Traceback (most recent call last):
  File "<frozen importlib._bootstrap_external>", line 1353, in _path_importer_cache
KeyError: 'src'

During handling of the above exception, another exception occurred:

Traceback (most recent call last):
  File "<frozen importlib._bootstrap>", line 1007, in _find_and_load
  File "<frozen importlib._bootstrap>", line 982, in _find_and_load_unlocked
  File "<frozen importlib._bootstrap>", line 925, in _find_spec
  File "<frozen importlib._bootstrap_external>", line 1414, in find_spec
  File "<frozen importlib._bootstrap_external>", line 1383, in _get_spec
  File "<frozen importlib._bootstrap_external>", line 1355, in _path_importer_cache
  File "<frozen importlib._bootstrap_external>", line 1331, in _path_hooks
  File "<frozen importlib._bootstrap_external>", line 1601, in path_hook_for_FileFinder
  File "<frozen importlib._bootstrap_external>", line 1477, in __init__
PermissionError: [Errno 1] Operation not permitted
Python path configuration:
  PYTHONHOME = (not set)
  PYTHONPATH = 'src'
  program name = '/Applications/Xcode.app/Contents/Developer/usr/bin/python3'
  isolated = 0
  environment = 1
  user site = 1
  import site = 1
  sys._base_executable = '/Applications/Xcode.app/Contents/Developer/usr/bin/python3'
  sys.base_prefix = '/Applications/Xcode.app/Contents/Developer/Library/Frameworks/Python3.framework/Versions/3.9'
  sys.base_exec_prefix = '/Applications/Xcode.app/Contents/Developer/Library/Frameworks/Python3.framework/Versions/3.9'
  sys.platlibdir = 'lib'
  sys.executable = '/Applications/Xcode.app/Contents/Developer/usr/bin/python3'
  sys.prefix = '/Applications/Xcode.app/Contents/Developer/Library/Frameworks/Python3.framework/Versions/3.9'
  sys.exec_prefix = '/Applications/Xcode.app/Contents/Developer/Library/Frameworks/Python3.framework/Versions/3.9'
  sys.path = [
    'src',
    '/Applications/Xcode.app/Contents/Developer/Library/Frameworks/Python3.framework/Versions/3.9/lib/python39.zip',
    '/Applications/Xcode.app/Contents/Developer/Library/Frameworks/Python3.framework/Versions/3.9/lib/python3.9',
    '/Applications/Xcode.app/Contents/Developer/Library/Frameworks/Python3.framework/Versions/3.9/lib/python3.9/lib-dynload',
  ]
Fatal Python error: init_fs_encoding: failed to get the Python codec of the filesystem encoding
Python runtime state: core initialized
Traceback (most recent call last):
  File "<frozen importlib._bootstrap_external>", line 1353, in _path_importer_cache
KeyError: 'src'

During handling of the above exception, another exception occurred:

Traceback (most recent call last):
  File "<frozen importlib._bootstrap>", line 1007, in _find_and_load
  File "<frozen importlib._bootstrap>", line 982, in _find_and_load_unlocked
  File "<frozen importlib._bootstrap>", line 925, in _find_spec
  File "<frozen importlib._bootstrap_external>", line 1414, in find_spec
  File "<frozen importlib._bootstrap_external>", line 1383, in _get_spec
  File "<frozen importlib._bootstrap_external>", line 1355, in _path_importer_cache
  File "<frozen importlib._bootstrap_external>", line 1331, in _path_hooks
  File "<frozen importlib._bootstrap_external>", line 1601, in path_hook_for_FileFinder
  File "<frozen importlib._bootstrap_external>", line 1477, in __init__
PermissionError: [Errno 1] Operation not permitted
Python path configuration:
  PYTHONHOME = (not set)
  PYTHONPATH = 'src'
  program name = '/Applications/Xcode.app/Contents/Developer/usr/bin/python3'
  isolated = 0
  environment = 1
  user site = 1
  import site = 1
  sys._base_executable = '/Applications/Xcode.app/Contents/Developer/usr/bin/python3'
  sys.base_prefix = '/Applications/Xcode.app/Contents/Developer/Library/Frameworks/Python3.framework/Versions/3.9'
  sys.base_exec_prefix = '/Applications/Xcode.app/Contents/Developer/Library/Frameworks/Python3.framework/Versions/3.9'
  sys.platlibdir = 'lib'
  sys.executable = '/Applications/Xcode.app/Contents/Developer/usr/bin/python3'
  sys.prefix = '/Applications/Xcode.app/Contents/Developer/Library/Frameworks/Python3.framework/Versions/3.9'
  sys.exec_prefix = '/Applications/Xcode.app/Contents/Developer/Library/Frameworks/Python3.framework/Versions/3.9'
  sys.path = [
    'src',
    '/Applications/Xcode.app/Contents/Developer/Library/Frameworks/Python3.framework/Versions/3.9/lib/python39.zip',
    '/Applications/Xcode.app/Contents/Developer/Library/Frameworks/Python3.framework/Versions/3.9/lib/python3.9',
    '/Applications/Xcode.app/Contents/Developer/Library/Frameworks/Python3.framework/Versions/3.9/lib/python3.9/lib-dynload',
  ]
Fatal Python error: init_fs_encoding: failed to get the Python codec of the filesystem encoding
Python runtime state: core initialized
Traceback (most recent call last):
  File "<frozen importlib._bootstrap_external>", line 1353, in _path_importer_cache
KeyError: 'src'

During handling of the above exception, another exception occurred:

Traceback (most recent call last):
  File "<frozen importlib._bootstrap>", line 1007, in _find_and_load
  File "<frozen importlib._bootstrap>", line 982, in _find_and_load_unlocked
  File "<frozen importlib._bootstrap>", line 925, in _find_spec
  File "<frozen importlib._bootstrap_external>", line 1414, in find_spec
  File "<frozen importlib._bootstrap_external>", line 1383, in _get_spec
  File "<frozen importlib._bootstrap_external>", line 1355, in _path_importer_cache
  File "<frozen importlib._bootstrap_external>", line 1331, in _path_hooks
  File "<frozen importlib._bootstrap_external>", line 1601, in path_hook_for_FileFinder
  File "<frozen importlib._bootstrap_external>", line 1477, in __init__
PermissionError: [Errno 1] Operation not permitted
Python path configuration:
  PYTHONHOME = (not set)
  PYTHONPATH = 'src'
  program name = '/Applications/Xcode.app/Contents/Developer/usr/bin/python3'
  isolated = 0
  environment = 1
  user site = 1
  import site = 1
  sys._base_executable = '/Applications/Xcode.app/Contents/Developer/usr/bin/python3'
  sys.base_prefix = '/Applications/Xcode.app/Contents/Developer/Library/Frameworks/Python3.framework/Versions/3.9'
  sys.base_exec_prefix = '/Applications/Xcode.app/Contents/Developer/Library/Frameworks/Python3.framework/Versions/3.9'
  sys.platlibdir = 'lib'
  sys.executable = '/Applications/Xcode.app/Contents/Developer/usr/bin/python3'
  sys.prefix = '/Applications/Xcode.app/Contents/Developer/Library/Frameworks/Python3.framework/Versions/3.9'
  sys.exec_prefix = '/Applications/Xcode.app/Contents/Developer/Library/Frameworks/Python3.framework/Versions/3.9'
  sys.path = [
    'src',
    '/Applications/Xcode.app/Contents/Developer/Library/Frameworks/Python3.framework/Versions/3.9/lib/python39.zip',
    '/Applications/Xcode.app/Contents/Developer/Library/Frameworks/Python3.framework/Versions/3.9/lib/python3.9',
    '/Applications/Xcode.app/Contents/Developer/Library/Frameworks/Python3.framework/Versions/3.9/lib/python3.9/lib-dynload',
  ]
Fatal Python error: init_fs_encoding: failed to get the Python codec of the filesystem encoding
Python runtime state: core initialized
Traceback (most recent call last):
  File "<frozen importlib._bootstrap_external>", line 1353, in _path_importer_cache
KeyError: 'src'

During handling of the above exception, another exception occurred:

Traceback (most recent call last):
  File "<frozen importlib._bootstrap>", line 1007, in _find_and_load
  File "<frozen importlib._bootstrap>", line 982, in _find_and_load_unlocked
  File "<frozen importlib._bootstrap>", line 925, in _find_spec
  File "<frozen importlib._bootstrap_external>", line 1414, in find_spec
  File "<frozen importlib._bootstrap_external>", line 1383, in _get_spec
  File "<frozen importlib._bootstrap_external>", line 1355, in _path_importer_cache
  File "<frozen importlib._bootstrap_external>", line 1331, in _path_hooks
  File "<frozen importlib._bootstrap_external>", line 1601, in path_hook_for_FileFinder
  File "<frozen importlib._bootstrap_external>", line 1477, in __init__
PermissionError: [Errno 1] Operation not permitted
Python path configuration:
  PYTHONHOME = (not set)
  PYTHONPATH = 'src'
  program name = '/Applications/Xcode.app/Contents/Developer/usr/bin/python3'
  isolated = 0
  environment = 1
  user site = 1
  import site = 1
  sys._base_executable = '/Applications/Xcode.app/Contents/Developer/usr/bin/python3'
  sys.base_prefix = '/Applications/Xcode.app/Contents/Developer/Library/Frameworks/Python3.framework/Versions/3.9'
  sys.base_exec_prefix = '/Applications/Xcode.app/Contents/Developer/Library/Frameworks/Python3.framework/Versions/3.9'
  sys.platlibdir = 'lib'
  sys.executable = '/Applications/Xcode.app/Contents/Developer/usr/bin/python3'
  sys.prefix = '/Applications/Xcode.app/Contents/Developer/Library/Frameworks/Python3.framework/Versions/3.9'
  sys.exec_prefix = '/Applications/Xcode.app/Contents/Developer/Library/Frameworks/Python3.framework/Versions/3.9'
  sys.path = [
    'src',
    '/Applications/Xcode.app/Contents/Developer/Library/Frameworks/Python3.framework/Versions/3.9/lib/python39.zip',
    '/Applications/Xcode.app/Contents/Developer/Library/Frameworks/Python3.framework/Versions/3.9/lib/python3.9',
    '/Applications/Xcode.app/Contents/Developer/Library/Frameworks/Python3.framework/Versions/3.9/lib/python3.9/lib-dynload',
  ]
Fatal Python error: init_fs_encoding: failed to get the Python codec of the filesystem encoding
Python runtime state: core initialized
Traceback (most recent call last):
  File "<frozen importlib._bootstrap_external>", line 1353, in _path_importer_cache
KeyError: 'src'

During handling of the above exception, another exception occurred:

Traceback (most recent call last):
  File "<frozen importlib._bootstrap>", line 1007, in _find_and_load
  File "<frozen importlib._bootstrap>", line 982, in _find_and_load_unlocked
  File "<frozen importlib._bootstrap>", line 925, in _find_spec
  File "<frozen importlib._bootstrap_external>", line 1414, in find_spec
  File "<frozen importlib._bootstrap_external>", line 1383, in _get_spec
  File "<frozen importlib._bootstrap_external>", line 1355, in _path_importer_cache
  File "<frozen importlib._bootstrap_external>", line 1331, in _path_hooks
  File "<frozen importlib._bootstrap_external>", line 1601, in path_hook_for_FileFinder
  File "<frozen importlib._bootstrap_external>", line 1477, in __init__
PermissionError: [Errno 1] Operation not permitted
Python path configuration:
  PYTHONHOME = (not set)
  PYTHONPATH = 'src'
  program name = '/Applications/Xcode.app/Contents/Developer/usr/bin/python3'
  isolated = 0
  environment = 1
  user site = 1
  import site = 1
  sys._base_executable = '/Applications/Xcode.app/Contents/Developer/usr/bin/python3'
  sys.base_prefix = '/Applications/Xcode.app/Contents/Developer/Library/Frameworks/Python3.framework/Versions/3.9'
  sys.base_exec_prefix = '/Applications/Xcode.app/Contents/Developer/Library/Frameworks/Python3.framework/Versions/3.9'
  sys.platlibdir = 'lib'
  sys.executable = '/Applications/Xcode.app/Contents/Developer/usr/bin/python3'
  sys.prefix = '/Applications/Xcode.app/Contents/Developer/Library/Frameworks/Python3.framework/Versions/3.9'
  sys.exec_prefix = '/Applications/Xcode.app/Contents/Developer/Library/Frameworks/Python3.framework/Versions/3.9'
  sys.path = [
    'src',
    '/Applications/Xcode.app/Contents/Developer/Library/Frameworks/Python3.framework/Versions/3.9/lib/python39.zip',
    '/Applications/Xcode.app/Contents/Developer/Library/Frameworks/Python3.framework/Versions/3.9/lib/python3.9',
    '/Applications/Xcode.app/Contents/Developer/Library/Frameworks/Python3.framework/Versions/3.9/lib/python3.9/lib-dynload',
  ]
Fatal Python error: init_fs_encoding: failed to get the Python codec of the filesystem encoding
Python runtime state: core initialized
Traceback (most recent call last):
  File "<frozen importlib._bootstrap_external>", line 1353, in _path_importer_cache
KeyError: 'src'

During handling of the above exception, another exception occurred:

Traceback (most recent call last):
  File "<frozen importlib._bootstrap>", line 1007, in _find_and_load
  File "<frozen importlib._bootstrap>", line 982, in _find_and_load_unlocked
  File "<frozen importlib._bootstrap>", line 925, in _find_spec
  File "<frozen importlib._bootstrap_external>", line 1414, in find_spec
  File "<frozen importlib._bootstrap_external>", line 1383, in _get_spec
  File "<frozen importlib._bootstrap_external>", line 1355, in _path_importer_cache
  File "<frozen importlib._bootstrap_external>", line 1331, in _path_hooks
  File "<frozen importlib._bootstrap_external>", line 1601, in path_hook_for_FileFinder
  File "<frozen importlib._bootstrap_external>", line 1477, in __init__
PermissionError: [Errno 1] Operation not permitted
Python path configuration:
  PYTHONHOME = (not set)
  PYTHONPATH = 'src'
  program name = '/Applications/Xcode.app/Contents/Developer/usr/bin/python3'
  isolated = 0
  environment = 1
  user site = 1
  import site = 1
  sys._base_executable = '/Applications/Xcode.app/Contents/Developer/usr/bin/python3'
  sys.base_prefix = '/Applications/Xcode.app/Contents/Developer/Library/Frameworks/Python3.framework/Versions/3.9'
  sys.base_exec_prefix = '/Applications/Xcode.app/Contents/Developer/Library/Frameworks/Python3.framework/Versions/3.9'
  sys.platlibdir = 'lib'
  sys.executable = '/Applications/Xcode.app/Contents/Developer/usr/bin/python3'
  sys.prefix = '/Applications/Xcode.app/Contents/Developer/Library/Frameworks/Python3.framework/Versions/3.9'
  sys.exec_prefix = '/Applications/Xcode.app/Contents/Developer/Library/Frameworks/Python3.framework/Versions/3.9'
  sys.path = [
    'src',
    '/Applications/Xcode.app/Contents/Developer/Library/Frameworks/Python3.framework/Versions/3.9/lib/python39.zip',
    '/Applications/Xcode.app/Contents/Developer/Library/Frameworks/Python3.framework/Versions/3.9/lib/python3.9',
    '/Applications/Xcode.app/Contents/Developer/Library/Frameworks/Python3.framework/Versions/3.9/lib/python3.9/lib-dynload',
  ]
Fatal Python error: init_fs_encoding: failed to get the Python codec of the filesystem encoding
Python runtime state: core initialized
Traceback (most recent call last):
  File "<frozen importlib._bootstrap_external>", line 1353, in _path_importer_cache
KeyError: 'src'

During handling of the above exception, another exception occurred:

Traceback (most recent call last):
  File "<frozen importlib._bootstrap>", line 1007, in _find_and_load
  File "<frozen importlib._bootstrap>", line 982, in _find_and_load_unlocked
  File "<frozen importlib._bootstrap>", line 925, in _find_spec
  File "<frozen importlib._bootstrap_external>", line 1414, in find_spec
  File "<frozen importlib._bootstrap_external>", line 1383, in _get_spec
  File "<frozen importlib._bootstrap_external>", line 1355, in _path_importer_cache
  File "<frozen importlib._bootstrap_external>", line 1331, in _path_hooks
  File "<frozen importlib._bootstrap_external>", line 1601, in path_hook_for_FileFinder
  File "<frozen importlib._bootstrap_external>", line 1477, in __init__
PermissionError: [Errno 1] Operation not permitted
Python path configuration:
  PYTHONHOME = (not set)
  PYTHONPATH = 'src'
  program name = '/Applications/Xcode.app/Contents/Developer/usr/bin/python3'
  isolated = 0
  environment = 1
  user site = 1
  import site = 1
  sys._base_executable = '/Applications/Xcode.app/Contents/Developer/usr/bin/python3'
  sys.base_prefix = '/Applications/Xcode.app/Contents/Developer/Library/Frameworks/Python3.framework/Versions/3.9'
  sys.base_exec_prefix = '/Applications/Xcode.app/Contents/Developer/Library/Frameworks/Python3.framework/Versions/3.9'
  sys.platlibdir = 'lib'
  sys.executable = '/Applications/Xcode.app/Contents/Developer/usr/bin/python3'
  sys.prefix = '/Applications/Xcode.app/Contents/Developer/Library/Frameworks/Python3.framework/Versions/3.9'
  sys.exec_prefix = '/Applications/Xcode.app/Contents/Developer/Library/Frameworks/Python3.framework/Versions/3.9'
  sys.path = [
    'src',
    '/Applications/Xcode.app/Contents/Developer/Library/Frameworks/Python3.framework/Versions/3.9/lib/python39.zip',
    '/Applications/Xcode.app/Contents/Developer/Library/Frameworks/Python3.framework/Versions/3.9/lib/python3.9',
    '/Applications/Xcode.app/Contents/Developer/Library/Frameworks/Python3.framework/Versions/3.9/lib/python3.9/lib-dynload',
  ]
Fatal Python error: init_fs_encoding: failed to get the Python codec of the filesystem encoding
Python runtime state: core initialized
Traceback (most recent call last):
  File "<frozen importlib._bootstrap_external>", line 1353, in _path_importer_cache
KeyError: 'src'

During handling of the above exception, another exception occurred:

Traceback (most recent call last):
  File "<frozen importlib._bootstrap>", line 1007, in _find_and_load
  File "<frozen importlib._bootstrap>", line 982, in _find_and_load_unlocked
  File "<frozen importlib._bootstrap>", line 925, in _find_spec
  File "<frozen importlib._bootstrap_external>", line 1414, in find_spec
  File "<frozen importlib._bootstrap_external>", line 1383, in _get_spec
  File "<frozen importlib._bootstrap_external>", line 1355, in _path_importer_cache
  File "<frozen importlib._bootstrap_external>", line 1331, in _path_hooks
  File "<frozen importlib._bootstrap_external>", line 1601, in path_hook_for_FileFinder
  File "<frozen importlib._bootstrap_external>", line 1477, in __init__
PermissionError: [Errno 1] Operation not permitted
Python path configuration:
  PYTHONHOME = (not set)
  PYTHONPATH = 'src'
  program name = '/Applications/Xcode.app/Contents/Developer/usr/bin/python3'
  isolated = 0
  environment = 1
  user site = 1
  import site = 1
  sys._base_executable = '/Applications/Xcode.app/Contents/Developer/usr/bin/python3'
  sys.base_prefix = '/Applications/Xcode.app/Contents/Developer/Library/Frameworks/Python3.framework/Versions/3.9'
  sys.base_exec_prefix = '/Applications/Xcode.app/Contents/Developer/Library/Frameworks/Python3.framework/Versions/3.9'
  sys.platlibdir = 'lib'
  sys.executable = '/Applications/Xcode.app/Contents/Developer/usr/bin/python3'
  sys.prefix = '/Applications/Xcode.app/Contents/Developer/Library/Frameworks/Python3.framework/Versions/3.9'
  sys.exec_prefix = '/Applications/Xcode.app/Contents/Developer/Library/Frameworks/Python3.framework/Versions/3.9'
  sys.path = [
    'src',
    '/Applications/Xcode.app/Contents/Developer/Library/Frameworks/Python3.framework/Versions/3.9/lib/python39.zip',
    '/Applications/Xcode.app/Contents/Developer/Library/Frameworks/Python3.framework/Versions/3.9/lib/python3.9',
    '/Applications/Xcode.app/Contents/Developer/Library/Frameworks/Python3.framework/Versions/3.9/lib/python3.9/lib-dynload',
  ]
Fatal Python error: init_fs_encoding: failed to get the Python codec of the filesystem encoding
Python runtime state: core initialized
Traceback (most recent call last):
  File "<frozen importlib._bootstrap_external>", line 1353, in _path_importer_cache
KeyError: 'src'

During handling of the above exception, another exception occurred:

Traceback (most recent call last):
  File "<frozen importlib._bootstrap>", line 1007, in _find_and_load
  File "<frozen importlib._bootstrap>", line 982, in _find_and_load_unlocked
  File "<frozen importlib._bootstrap>", line 925, in _find_spec
  File "<frozen importlib._bootstrap_external>", line 1414, in find_spec
  File "<frozen importlib._bootstrap_external>", line 1383, in _get_spec
  File "<frozen importlib._bootstrap_external>", line 1355, in _path_importer_cache
  File "<frozen importlib._bootstrap_external>", line 1331, in _path_hooks
  File "<frozen importlib._bootstrap_external>", line 1601, in path_hook_for_FileFinder
  File "<frozen importlib._bootstrap_external>", line 1477, in __init__
PermissionError: [Errno 1] Operation not permitted
Python path configuration:
  PYTHONHOME = (not set)
  PYTHONPATH = 'src'
  program name = '/Applications/Xcode.app/Contents/Developer/usr/bin/python3'
  isolated = 0
  environment = 1
  user site = 1
  import site = 1
  sys._base_executable = '/Applications/Xcode.app/Contents/Developer/usr/bin/python3'
  sys.base_prefix = '/Applications/Xcode.app/Contents/Developer/Library/Frameworks/Python3.framework/Versions/3.9'
  sys.base_exec_prefix = '/Applications/Xcode.app/Contents/Developer/Library/Frameworks/Python3.framework/Versions/3.9'
  sys.platlibdir = 'lib'
  sys.executable = '/Applications/Xcode.app/Contents/Developer/usr/bin/python3'
  sys.prefix = '/Applications/Xcode.app/Contents/Developer/Library/Frameworks/Python3.framework/Versions/3.9'
  sys.exec_prefix = '/Applications/Xcode.app/Contents/Developer/Library/Frameworks/Python3.framework/Versions/3.9'
  sys.path = [
    'src',
    '/Applications/Xcode.app/Contents/Developer/Library/Frameworks/Python3.framework/Versions/3.9/lib/python39.zip',
    '/Applications/Xcode.app/Contents/Developer/Library/Frameworks/Python3.framework/Versions/3.9/lib/python3.9',
    '/Applications/Xcode.app/Contents/Developer/Library/Frameworks/Python3.framework/Versions/3.9/lib/python3.9/lib-dynload',
  ]
Fatal Python error: init_fs_encoding: failed to get the Python codec of the filesystem encoding
Python runtime state: core initialized
Traceback (most recent call last):
  File "<frozen importlib._bootstrap_external>", line 1353, in _path_importer_cache
KeyError: 'src'

During handling of the above exception, another exception occurred:

Traceback (most recent call last):
  File "<frozen importlib._bootstrap>", line 1007, in _find_and_load
  File "<frozen importlib._bootstrap>", line 982, in _find_and_load_unlocked
  File "<frozen importlib._bootstrap>", line 925, in _find_spec
  File "<frozen importlib._bootstrap_external>", line 1414, in find_spec
  File "<frozen importlib._bootstrap_external>", line 1383, in _get_spec
  File "<frozen importlib._bootstrap_external>", line 1355, in _path_importer_cache
  File "<frozen importlib._bootstrap_external>", line 1331, in _path_hooks
  File "<frozen importlib._bootstrap_external>", line 1601, in path_hook_for_FileFinder
  File "<frozen importlib._bootstrap_external>", line 1477, in __init__
PermissionError: [Errno 1] Operation not permitted
Python path configuration:
  PYTHONHOME = (not set)
  PYTHONPATH = 'src'
  program name = '/Applications/Xcode.app/Contents/Developer/usr/bin/python3'
  isolated = 0
  environment = 1
  user site = 1
  import site = 1
  sys._base_executable = '/Applications/Xcode.app/Contents/Developer/usr/bin/python3'
  sys.base_prefix = '/Applications/Xcode.app/Contents/Developer/Library/Frameworks/Python3.framework/Versions/3.9'
  sys.base_exec_prefix = '/Applications/Xcode.app/Contents/Developer/Library/Frameworks/Python3.framework/Versions/3.9'
  sys.platlibdir = 'lib'
  sys.executable = '/Applications/Xcode.app/Contents/Developer/usr/bin/python3'
  sys.prefix = '/Applications/Xcode.app/Contents/Developer/Library/Frameworks/Python3.framework/Versions/3.9'
  sys.exec_prefix = '/Applications/Xcode.app/Contents/Developer/Library/Frameworks/Python3.framework/Versions/3.9'
  sys.path = [
    'src',
    '/Applications/Xcode.app/Contents/Developer/Library/Frameworks/Python3.framework/Versions/3.9/lib/python39.zip',
    '/Applications/Xcode.app/Contents/Developer/Library/Frameworks/Python3.framework/Versions/3.9/lib/python3.9',
    '/Applications/Xcode.app/Contents/Developer/Library/Frameworks/Python3.framework/Versions/3.9/lib/python3.9/lib-dynload',
  ]
Fatal Python error: init_fs_encoding: failed to get the Python codec of the filesystem encoding
Python runtime state: core initialized
Traceback (most recent call last):
  File "<frozen importlib._bootstrap_external>", line 1353, in _path_importer_cache
KeyError: 'src'

During handling of the above exception, another exception occurred:

Traceback (most recent call last):
  File "<frozen importlib._bootstrap>", line 1007, in _find_and_load
  File "<frozen importlib._bootstrap>", line 982, in _find_and_load_unlocked
  File "<frozen importlib._bootstrap>", line 925, in _find_spec
  File "<frozen importlib._bootstrap_external>", line 1414, in find_spec
  File "<frozen importlib._bootstrap_external>", line 1383, in _get_spec
  File "<frozen importlib._bootstrap_external>", line 1355, in _path_importer_cache
  File "<frozen importlib._bootstrap_external>", line 1331, in _path_hooks
  File "<frozen importlib._bootstrap_external>", line 1601, in path_hook_for_FileFinder
  File "<frozen importlib._bootstrap_external>", line 1477, in __init__
PermissionError: [Errno 1] Operation not permitted
Python path configuration:
  PYTHONHOME = (not set)
  PYTHONPATH = 'src'
  program name = '/Applications/Xcode.app/Contents/Developer/usr/bin/python3'
  isolated = 0
  environment = 1
  user site = 1
  import site = 1
  sys._base_executable = '/Applications/Xcode.app/Contents/Developer/usr/bin/python3'
  sys.base_prefix = '/Applications/Xcode.app/Contents/Developer/Library/Frameworks/Python3.framework/Versions/3.9'
  sys.base_exec_prefix = '/Applications/Xcode.app/Contents/Developer/Library/Frameworks/Python3.framework/Versions/3.9'
  sys.platlibdir = 'lib'
  sys.executable = '/Applications/Xcode.app/Contents/Developer/usr/bin/python3'
  sys.prefix = '/Applications/Xcode.app/Contents/Developer/Library/Frameworks/Python3.framework/Versions/3.9'
  sys.exec_prefix = '/Applications/Xcode.app/Contents/Developer/Library/Frameworks/Python3.framework/Versions/3.9'
  sys.path = [
    'src',
    '/Applications/Xcode.app/Contents/Developer/Library/Frameworks/Python3.framework/Versions/3.9/lib/python39.zip',
    '/Applications/Xcode.app/Contents/Developer/Library/Frameworks/Python3.framework/Versions/3.9/lib/python3.9',
    '/Applications/Xcode.app/Contents/Developer/Library/Frameworks/Python3.framework/Versions/3.9/lib/python3.9/lib-dynload',
  ]
Fatal Python error: init_fs_encoding: failed to get the Python codec of the filesystem encoding
Python runtime state: core initialized
Traceback (most recent call last):
  File "<frozen importlib._bootstrap_external>", line 1353, in _path_importer_cache
KeyError: 'src'

During handling of the above exception, another exception occurred:

Traceback (most recent call last):
  File "<frozen importlib._bootstrap>", line 1007, in _find_and_load
  File "<frozen importlib._bootstrap>", line 982, in _find_and_load_unlocked
  File "<frozen importlib._bootstrap>", line 925, in _find_spec
  File "<frozen importlib._bootstrap_external>", line 1414, in find_spec
  File "<frozen importlib._bootstrap_external>", line 1383, in _get_spec
  File "<frozen importlib._bootstrap_external>", line 1355, in _path_importer_cache
  File "<frozen importlib._bootstrap_external>", line 1331, in _path_hooks
  File "<frozen importlib._bootstrap_external>", line 1601, in path_hook_for_FileFinder
  File "<frozen importlib._bootstrap_external>", line 1477, in __init__
PermissionError: [Errno 1] Operation not permitted
Python path configuration:
  PYTHONHOME = (not set)
  PYTHONPATH = 'src'
  program name = '/Applications/Xcode.app/Contents/Developer/usr/bin/python3'
  isolated = 0
  environment = 1
  user site = 1
  import site = 1
  sys._base_executable = '/Applications/Xcode.app/Contents/Developer/usr/bin/python3'
  sys.base_prefix = '/Applications/Xcode.app/Contents/Developer/Library/Frameworks/Python3.framework/Versions/3.9'
  sys.base_exec_prefix = '/Applications/Xcode.app/Contents/Developer/Library/Frameworks/Python3.framework/Versions/3.9'
  sys.platlibdir = 'lib'
  sys.executable = '/Applications/Xcode.app/Contents/Developer/usr/bin/python3'
  sys.prefix = '/Applications/Xcode.app/Contents/Developer/Library/Frameworks/Python3.framework/Versions/3.9'
  sys.exec_prefix = '/Applications/Xcode.app/Contents/Developer/Library/Frameworks/Python3.framework/Versions/3.9'
  sys.path = [
    'src',
    '/Applications/Xcode.app/Contents/Developer/Library/Frameworks/Python3.framework/Versions/3.9/lib/python39.zip',
    '/Applications/Xcode.app/Contents/Developer/Library/Frameworks/Python3.framework/Versions/3.9/lib/python3.9',
    '/Applications/Xcode.app/Contents/Developer/Library/Frameworks/Python3.framework/Versions/3.9/lib/python3.9/lib-dynload',
  ]
Fatal Python error: init_fs_encoding: failed to get the Python codec of the filesystem encoding
Python runtime state: core initialized
Traceback (most recent call last):
  File "<frozen importlib._bootstrap_external>", line 1353, in _path_importer_cache
KeyError: 'src'

During handling of the above exception, another exception occurred:

Traceback (most recent call last):
  File "<frozen importlib._bootstrap>", line 1007, in _find_and_load
  File "<frozen importlib._bootstrap>", line 982, in _find_and_load_unlocked
  File "<frozen importlib._bootstrap>", line 925, in _find_spec
  File "<frozen importlib._bootstrap_external>", line 1414, in find_spec
  File "<frozen importlib._bootstrap_external>", line 1383, in _get_spec
  File "<frozen importlib._bootstrap_external>", line 1355, in _path_importer_cache
  File "<frozen importlib._bootstrap_external>", line 1331, in _path_hooks
  File "<frozen importlib._bootstrap_external>", line 1601, in path_hook_for_FileFinder
  File "<frozen importlib._bootstrap_external>", line 1477, in __init__
PermissionError: [Errno 1] Operation not permitted
Python path configuration:
  PYTHONHOME = (not set)
  PYTHONPATH = 'src'
  program name = '/Applications/Xcode.app/Contents/Developer/usr/bin/python3'
  isolated = 0
  environment = 1
  user site = 1
  import site = 1
  sys._base_executable = '/Applications/Xcode.app/Contents/Developer/usr/bin/python3'
  sys.base_prefix = '/Applications/Xcode.app/Contents/Developer/Library/Frameworks/Python3.framework/Versions/3.9'
  sys.base_exec_prefix = '/Applications/Xcode.app/Contents/Developer/Library/Frameworks/Python3.framework/Versions/3.9'
  sys.platlibdir = 'lib'
  sys.executable = '/Applications/Xcode.app/Contents/Developer/usr/bin/python3'
  sys.prefix = '/Applications/Xcode.app/Contents/Developer/Library/Frameworks/Python3.framework/Versions/3.9'
  sys.exec_prefix = '/Applications/Xcode.app/Contents/Developer/Library/Frameworks/Python3.framework/Versions/3.9'
  sys.path = [
    'src',
    '/Applications/Xcode.app/Contents/Developer/Library/Frameworks/Python3.framework/Versions/3.9/lib/python39.zip',
    '/Applications/Xcode.app/Contents/Developer/Library/Frameworks/Python3.framework/Versions/3.9/lib/python3.9',
    '/Applications/Xcode.app/Contents/Developer/Library/Frameworks/Python3.framework/Versions/3.9/lib/python3.9/lib-dynload',
  ]
Fatal Python error: init_fs_encoding: failed to get the Python codec of the filesystem encoding
Python runtime state: core initialized
Traceback (most recent call last):
  File "<frozen importlib._bootstrap_external>", line 1353, in _path_importer_cache
KeyError: 'src'

During handling of the above exception, another exception occurred:

Traceback (most recent call last):
  File "<frozen importlib._bootstrap>", line 1007, in _find_and_load
  File "<frozen importlib._bootstrap>", line 982, in _find_and_load_unlocked
  File "<frozen importlib._bootstrap>", line 925, in _find_spec
  File "<frozen importlib._bootstrap_external>", line 1414, in find_spec
  File "<frozen importlib._bootstrap_external>", line 1383, in _get_spec
  File "<frozen importlib._bootstrap_external>", line 1355, in _path_importer_cache
  File "<frozen importlib._bootstrap_external>", line 1331, in _path_hooks
  File "<frozen importlib._bootstrap_external>", line 1601, in path_hook_for_FileFinder
  File "<frozen importlib._bootstrap_external>", line 1477, in __init__
PermissionError: [Errno 1] Operation not permitted
Python path configuration:
  PYTHONHOME = (not set)
  PYTHONPATH = 'src'
  program name = '/Applications/Xcode.app/Contents/Developer/usr/bin/python3'
  isolated = 0
  environment = 1
  user site = 1
  import site = 1
  sys._base_executable = '/Applications/Xcode.app/Contents/Developer/usr/bin/python3'
  sys.base_prefix = '/Applications/Xcode.app/Contents/Developer/Library/Frameworks/Python3.framework/Versions/3.9'
  sys.base_exec_prefix = '/Applications/Xcode.app/Contents/Developer/Library/Frameworks/Python3.framework/Versions/3.9'
  sys.platlibdir = 'lib'
  sys.executable = '/Applications/Xcode.app/Contents/Developer/usr/bin/python3'
  sys.prefix = '/Applications/Xcode.app/Contents/Developer/Library/Frameworks/Python3.framework/Versions/3.9'
  sys.exec_prefix = '/Applications/Xcode.app/Contents/Developer/Library/Frameworks/Python3.framework/Versions/3.9'
  sys.path = [
    'src',
    '/Applications/Xcode.app/Contents/Developer/Library/Frameworks/Python3.framework/Versions/3.9/lib/python39.zip',
    '/Applications/Xcode.app/Contents/Developer/Library/Frameworks/Python3.framework/Versions/3.9/lib/python3.9',
    '/Applications/Xcode.app/Contents/Developer/Library/Frameworks/Python3.framework/Versions/3.9/lib/python3.9/lib-dynload',
  ]
Fatal Python error: init_fs_encoding: failed to get the Python codec of the filesystem encoding
Python runtime state: core initialized
Traceback (most recent call last):
  File "<frozen importlib._bootstrap_external>", line 1353, in _path_importer_cache
KeyError: 'src'

During handling of the above exception, another exception occurred:

Traceback (most recent call last):
  File "<frozen importlib._bootstrap>", line 1007, in _find_and_load
  File "<frozen importlib._bootstrap>", line 982, in _find_and_load_unlocked
  File "<frozen importlib._bootstrap>", line 925, in _find_spec
  File "<frozen importlib._bootstrap_external>", line 1414, in find_spec
  File "<frozen importlib._bootstrap_external>", line 1383, in _get_spec
  File "<frozen importlib._bootstrap_external>", line 1355, in _path_importer_cache
  File "<frozen importlib._bootstrap_external>", line 1331, in _path_hooks
  File "<frozen importlib._bootstrap_external>", line 1601, in path_hook_for_FileFinder
  File "<frozen importlib._bootstrap_external>", line 1477, in __init__
PermissionError: [Errno 1] Operation not permitted
Python path configuration:
  PYTHONHOME = (not set)
  PYTHONPATH = 'src'
  program name = '/Applications/Xcode.app/Contents/Developer/usr/bin/python3'
  isolated = 0
  environment = 1
  user site = 1
  import site = 1
  sys._base_executable = '/Applications/Xcode.app/Contents/Developer/usr/bin/python3'
  sys.base_prefix = '/Applications/Xcode.app/Contents/Developer/Library/Frameworks/Python3.framework/Versions/3.9'
  sys.base_exec_prefix = '/Applications/Xcode.app/Contents/Developer/Library/Frameworks/Python3.framework/Versions/3.9'
  sys.platlibdir = 'lib'
  sys.executable = '/Applications/Xcode.app/Contents/Developer/usr/bin/python3'
  sys.prefix = '/Applications/Xcode.app/Contents/Developer/Library/Frameworks/Python3.framework/Versions/3.9'
  sys.exec_prefix = '/Applications/Xcode.app/Contents/Developer/Library/Frameworks/Python3.framework/Versions/3.9'
  sys.path = [
    'src',
    '/Applications/Xcode.app/Contents/Developer/Library/Frameworks/Python3.framework/Versions/3.9/lib/python39.zip',
    '/Applications/Xcode.app/Contents/Developer/Library/Frameworks/Python3.framework/Versions/3.9/lib/python3.9',
    '/Applications/Xcode.app/Contents/Developer/Library/Frameworks/Python3.framework/Versions/3.9/lib/python3.9/lib-dynload',
  ]
Fatal Python error: init_fs_encoding: failed to get the Python codec of the filesystem encoding
Python runtime state: core initialized
Traceback (most recent call last):
  File "<frozen importlib._bootstrap_external>", line 1353, in _path_importer_cache
KeyError: 'src'

During handling of the above exception, another exception occurred:

Traceback (most recent call last):
  File "<frozen importlib._bootstrap>", line 1007, in _find_and_load
  File "<frozen importlib._bootstrap>", line 982, in _find_and_load_unlocked
  File "<frozen importlib._bootstrap>", line 925, in _find_spec
  File "<frozen importlib._bootstrap_external>", line 1414, in find_spec
  File "<frozen importlib._bootstrap_external>", line 1383, in _get_spec
  File "<frozen importlib._bootstrap_external>", line 1355, in _path_importer_cache
  File "<frozen importlib._bootstrap_external>", line 1331, in _path_hooks
  File "<frozen importlib._bootstrap_external>", line 1601, in path_hook_for_FileFinder
  File "<frozen importlib._bootstrap_external>", line 1477, in __init__
PermissionError: [Errno 1] Operation not permitted
Python path configuration:
  PYTHONHOME = (not set)
  PYTHONPATH = 'src'
  program name = '/Applications/Xcode.app/Contents/Developer/usr/bin/python3'
  isolated = 0
  environment = 1
  user site = 1
  import site = 1
  sys._base_executable = '/Applications/Xcode.app/Contents/Developer/usr/bin/python3'
  sys.base_prefix = '/Applications/Xcode.app/Contents/Developer/Library/Frameworks/Python3.framework/Versions/3.9'
  sys.base_exec_prefix = '/Applications/Xcode.app/Contents/Developer/Library/Frameworks/Python3.framework/Versions/3.9'
  sys.platlibdir = 'lib'
  sys.executable = '/Applications/Xcode.app/Contents/Developer/usr/bin/python3'
  sys.prefix = '/Applications/Xcode.app/Contents/Developer/Library/Frameworks/Python3.framework/Versions/3.9'
  sys.exec_prefix = '/Applications/Xcode.app/Contents/Developer/Library/Frameworks/Python3.framework/Versions/3.9'
  sys.path = [
    'src',
    '/Applications/Xcode.app/Contents/Developer/Library/Frameworks/Python3.framework/Versions/3.9/lib/python39.zip',
    '/Applications/Xcode.app/Contents/Developer/Library/Frameworks/Python3.framework/Versions/3.9/lib/python3.9',
    '/Applications/Xcode.app/Contents/Developer/Library/Frameworks/Python3.framework/Versions/3.9/lib/python3.9/lib-dynload',
  ]
Fatal Python error: init_fs_encoding: failed to get the Python codec of the filesystem encoding
Python runtime state: core initialized
Traceback (most recent call last):
  File "<frozen importlib._bootstrap_external>", line 1353, in _path_importer_cache
KeyError: 'src'

During handling of the above exception, another exception occurred:

Traceback (most recent call last):
  File "<frozen importlib._bootstrap>", line 1007, in _find_and_load
  File "<frozen importlib._bootstrap>", line 982, in _find_and_load_unlocked
  File "<frozen importlib._bootstrap>", line 925, in _find_spec
  File "<frozen importlib._bootstrap_external>", line 1414, in find_spec
  File "<frozen importlib._bootstrap_external>", line 1383, in _get_spec
  File "<frozen importlib._bootstrap_external>", line 1355, in _path_importer_cache
  File "<frozen importlib._bootstrap_external>", line 1331, in _path_hooks
  File "<frozen importlib._bootstrap_external>", line 1601, in path_hook_for_FileFinder
  File "<frozen importlib._bootstrap_external>", line 1477, in __init__
PermissionError: [Errno 1] Operation not permitted
Python path configuration:
  PYTHONHOME = (not set)
  PYTHONPATH = 'src'
  program name = '/Applications/Xcode.app/Contents/Developer/usr/bin/python3'
  isolated = 0
  environment = 1
  user site = 1
  import site = 1
  sys._base_executable = '/Applications/Xcode.app/Contents/Developer/usr/bin/python3'
  sys.base_prefix = '/Applications/Xcode.app/Contents/Developer/Library/Frameworks/Python3.framework/Versions/3.9'
  sys.base_exec_prefix = '/Applications/Xcode.app/Contents/Developer/Library/Frameworks/Python3.framework/Versions/3.9'
  sys.platlibdir = 'lib'
  sys.executable = '/Applications/Xcode.app/Contents/Developer/usr/bin/python3'
  sys.prefix = '/Applications/Xcode.app/Contents/Developer/Library/Frameworks/Python3.framework/Versions/3.9'
  sys.exec_prefix = '/Applications/Xcode.app/Contents/Developer/Library/Frameworks/Python3.framework/Versions/3.9'
  sys.path = [
    'src',
    '/Applications/Xcode.app/Contents/Developer/Library/Frameworks/Python3.framework/Versions/3.9/lib/python39.zip',
    '/Applications/Xcode.app/Contents/Developer/Library/Frameworks/Python3.framework/Versions/3.9/lib/python3.9',
    '/Applications/Xcode.app/Contents/Developer/Library/Frameworks/Python3.framework/Versions/3.9/lib/python3.9/lib-dynload',
  ]
Fatal Python error: init_fs_encoding: failed to get the Python codec of the filesystem encoding
Python runtime state: core initialized
Traceback (most recent call last):
  File "<frozen importlib._bootstrap_external>", line 1353, in _path_importer_cache
KeyError: 'src'

During handling of the above exception, another exception occurred:

Traceback (most recent call last):
  File "<frozen importlib._bootstrap>", line 1007, in _find_and_load
  File "<frozen importlib._bootstrap>", line 982, in _find_and_load_unlocked
  File "<frozen importlib._bootstrap>", line 925, in _find_spec
  File "<frozen importlib._bootstrap_external>", line 1414, in find_spec
  File "<frozen importlib._bootstrap_external>", line 1383, in _get_spec
  File "<frozen importlib._bootstrap_external>", line 1355, in _path_importer_cache
  File "<frozen importlib._bootstrap_external>", line 1331, in _path_hooks
  File "<frozen importlib._bootstrap_external>", line 1601, in path_hook_for_FileFinder
  File "<frozen importlib._bootstrap_external>", line 1477, in __init__
PermissionError: [Errno 1] Operation not permitted
Python path configuration:
  PYTHONHOME = (not set)
  PYTHONPATH = 'src'
  program name = '/Applications/Xcode.app/Contents/Developer/usr/bin/python3'
  isolated = 0
  environment = 1
  user site = 1
  import site = 1
  sys._base_executable = '/Applications/Xcode.app/Contents/Developer/usr/bin/python3'
  sys.base_prefix = '/Applications/Xcode.app/Contents/Developer/Library/Frameworks/Python3.framework/Versions/3.9'
  sys.base_exec_prefix = '/Applications/Xcode.app/Contents/Developer/Library/Frameworks/Python3.framework/Versions/3.9'
  sys.platlibdir = 'lib'
  sys.executable = '/Applications/Xcode.app/Contents/Developer/usr/bin/python3'
  sys.prefix = '/Applications/Xcode.app/Contents/Developer/Library/Frameworks/Python3.framework/Versions/3.9'
  sys.exec_prefix = '/Applications/Xcode.app/Contents/Developer/Library/Frameworks/Python3.framework/Versions/3.9'
  sys.path = [
    'src',
    '/Applications/Xcode.app/Contents/Developer/Library/Frameworks/Python3.framework/Versions/3.9/lib/python39.zip',
    '/Applications/Xcode.app/Contents/Developer/Library/Frameworks/Python3.framework/Versions/3.9/lib/python3.9',
    '/Applications/Xcode.app/Contents/Developer/Library/Frameworks/Python3.framework/Versions/3.9/lib/python3.9/lib-dynload',
  ]
Fatal Python error: init_fs_encoding: failed to get the Python codec of the filesystem encoding
Python runtime state: core initialized
Traceback (most recent call last):
  File "<frozen importlib._bootstrap_external>", line 1353, in _path_importer_cache
KeyError: 'src'

During handling of the above exception, another exception occurred:

Traceback (most recent call last):
  File "<frozen importlib._bootstrap>", line 1007, in _find_and_load
  File "<frozen importlib._bootstrap>", line 982, in _find_and_load_unlocked
  File "<frozen importlib._bootstrap>", line 925, in _find_spec
  File "<frozen importlib._bootstrap_external>", line 1414, in find_spec
  File "<frozen importlib._bootstrap_external>", line 1383, in _get_spec
  File "<frozen importlib._bootstrap_external>", line 1355, in _path_importer_cache
  File "<frozen importlib._bootstrap_external>", line 1331, in _path_hooks
  File "<frozen importlib._bootstrap_external>", line 1601, in path_hook_for_FileFinder
  File "<frozen importlib._bootstrap_external>", line 1477, in __init__
PermissionError: [Errno 1] Operation not permitted
Python path configuration:
  PYTHONHOME = (not set)
  PYTHONPATH = 'src'
  program name = '/Applications/Xcode.app/Contents/Developer/usr/bin/python3'
  isolated = 0
  environment = 1
  user site = 1
  import site = 1
  sys._base_executable = '/Applications/Xcode.app/Contents/Developer/usr/bin/python3'
  sys.base_prefix = '/Applications/Xcode.app/Contents/Developer/Library/Frameworks/Python3.framework/Versions/3.9'
  sys.base_exec_prefix = '/Applications/Xcode.app/Contents/Developer/Library/Frameworks/Python3.framework/Versions/3.9'
  sys.platlibdir = 'lib'
  sys.executable = '/Applications/Xcode.app/Contents/Developer/usr/bin/python3'
  sys.prefix = '/Applications/Xcode.app/Contents/Developer/Library/Frameworks/Python3.framework/Versions/3.9'
  sys.exec_prefix = '/Applications/Xcode.app/Contents/Developer/Library/Frameworks/Python3.framework/Versions/3.9'
  sys.path = [
    'src',
    '/Applications/Xcode.app/Contents/Developer/Library/Frameworks/Python3.framework/Versions/3.9/lib/python39.zip',
    '/Applications/Xcode.app/Contents/Developer/Library/Frameworks/Python3.framework/Versions/3.9/lib/python3.9',
    '/Applications/Xcode.app/Contents/Developer/Library/Frameworks/Python3.framework/Versions/3.9/lib/python3.9/lib-dynload',
  ]
Fatal Python error: init_fs_encoding: failed to get the Python codec of the filesystem encoding
Python runtime state: core initialized
Traceback (most recent call last):
  File "<frozen importlib._bootstrap_external>", line 1353, in _path_importer_cache
KeyError: 'src'

During handling of the above exception, another exception occurred:

Traceback (most recent call last):
  File "<frozen importlib._bootstrap>", line 1007, in _find_and_load
  File "<frozen importlib._bootstrap>", line 982, in _find_and_load_unlocked
  File "<frozen importlib._bootstrap>", line 925, in _find_spec
  File "<frozen importlib._bootstrap_external>", line 1414, in find_spec
  File "<frozen importlib._bootstrap_external>", line 1383, in _get_spec
  File "<frozen importlib._bootstrap_external>", line 1355, in _path_importer_cache
  File "<frozen importlib._bootstrap_external>", line 1331, in _path_hooks
  File "<frozen importlib._bootstrap_external>", line 1601, in path_hook_for_FileFinder
  File "<frozen importlib._bootstrap_external>", line 1477, in __init__
PermissionError: [Errno 1] Operation not permitted
Python path configuration:
  PYTHONHOME = (not set)
  PYTHONPATH = 'src'
  program name = '/Applications/Xcode.app/Contents/Developer/usr/bin/python3'
  isolated = 0
  environment = 1
  user site = 1
  import site = 1
  sys._base_executable = '/Applications/Xcode.app/Contents/Developer/usr/bin/python3'
  sys.base_prefix = '/Applications/Xcode.app/Contents/Developer/Library/Frameworks/Python3.framework/Versions/3.9'
  sys.base_exec_prefix = '/Applications/Xcode.app/Contents/Developer/Library/Frameworks/Python3.framework/Versions/3.9'
  sys.platlibdir = 'lib'
  sys.executable = '/Applications/Xcode.app/Contents/Developer/usr/bin/python3'
  sys.prefix = '/Applications/Xcode.app/Contents/Developer/Library/Frameworks/Python3.framework/Versions/3.9'
  sys.exec_prefix = '/Applications/Xcode.app/Contents/Developer/Library/Frameworks/Python3.framework/Versions/3.9'
  sys.path = [
    'src',
    '/Applications/Xcode.app/Contents/Developer/Library/Frameworks/Python3.framework/Versions/3.9/lib/python39.zip',
    '/Applications/Xcode.app/Contents/Developer/Library/Frameworks/Python3.framework/Versions/3.9/lib/python3.9',
    '/Applications/Xcode.app/Contents/Developer/Library/Frameworks/Python3.framework/Versions/3.9/lib/python3.9/lib-dynload',
  ]
Fatal Python error: init_fs_encoding: failed to get the Python codec of the filesystem encoding
Python runtime state: core initialized
Traceback (most recent call last):
  File "<frozen importlib._bootstrap_external>", line 1353, in _path_importer_cache
KeyError: 'src'

During handling of the above exception, another exception occurred:

Traceback (most recent call last):
  File "<frozen importlib._bootstrap>", line 1007, in _find_and_load
  File "<frozen importlib._bootstrap>", line 982, in _find_and_load_unlocked
  File "<frozen importlib._bootstrap>", line 925, in _find_spec
  File "<frozen importlib._bootstrap_external>", line 1414, in find_spec
  File "<frozen importlib._bootstrap_external>", line 1383, in _get_spec
  File "<frozen importlib._bootstrap_external>", line 1355, in _path_importer_cache
  File "<frozen importlib._bootstrap_external>", line 1331, in _path_hooks
  File "<frozen importlib._bootstrap_external>", line 1601, in path_hook_for_FileFinder
  File "<frozen importlib._bootstrap_external>", line 1477, in __init__
PermissionError: [Errno 1] Operation not permitted
Python path configuration:
  PYTHONHOME = (not set)
  PYTHONPATH = 'src'
  program name = '/Applications/Xcode.app/Contents/Developer/usr/bin/python3'
  isolated = 0
  environment = 1
  user site = 1
  import site = 1
  sys._base_executable = '/Applications/Xcode.app/Contents/Developer/usr/bin/python3'
  sys.base_prefix = '/Applications/Xcode.app/Contents/Developer/Library/Frameworks/Python3.framework/Versions/3.9'
  sys.base_exec_prefix = '/Applications/Xcode.app/Contents/Developer/Library/Frameworks/Python3.framework/Versions/3.9'
  sys.platlibdir = 'lib'
  sys.executable = '/Applications/Xcode.app/Contents/Developer/usr/bin/python3'
  sys.prefix = '/Applications/Xcode.app/Contents/Developer/Library/Frameworks/Python3.framework/Versions/3.9'
  sys.exec_prefix = '/Applications/Xcode.app/Contents/Developer/Library/Frameworks/Python3.framework/Versions/3.9'
  sys.path = [
    'src',
    '/Applications/Xcode.app/Contents/Developer/Library/Frameworks/Python3.framework/Versions/3.9/lib/python39.zip',
    '/Applications/Xcode.app/Contents/Developer/Library/Frameworks/Python3.framework/Versions/3.9/lib/python3.9',
    '/Applications/Xcode.app/Contents/Developer/Library/Frameworks/Python3.framework/Versions/3.9/lib/python3.9/lib-dynload',
  ]
Fatal Python error: init_fs_encoding: failed to get the Python codec of the filesystem encoding
Python runtime state: core initialized
Traceback (most recent call last):
  File "<frozen importlib._bootstrap_external>", line 1353, in _path_importer_cache
KeyError: 'src'

During handling of the above exception, another exception occurred:

Traceback (most recent call last):
  File "<frozen importlib._bootstrap>", line 1007, in _find_and_load
  File "<frozen importlib._bootstrap>", line 982, in _find_and_load_unlocked
  File "<frozen importlib._bootstrap>", line 925, in _find_spec
  File "<frozen importlib._bootstrap_external>", line 1414, in find_spec
  File "<frozen importlib._bootstrap_external>", line 1383, in _get_spec
  File "<frozen importlib._bootstrap_external>", line 1355, in _path_importer_cache
  File "<frozen importlib._bootstrap_external>", line 1331, in _path_hooks
  File "<frozen importlib._bootstrap_external>", line 1601, in path_hook_for_FileFinder
  File "<frozen importlib._bootstrap_external>", line 1477, in __init__
PermissionError: [Errno 1] Operation not permitted
Python path configuration:
  PYTHONHOME = (not set)
  PYTHONPATH = 'src'
  program name = '/Applications/Xcode.app/Contents/Developer/usr/bin/python3'
  isolated = 0
  environment = 1
  user site = 1
  import site = 1
  sys._base_executable = '/Applications/Xcode.app/Contents/Developer/usr/bin/python3'
  sys.base_prefix = '/Applications/Xcode.app/Contents/Developer/Library/Frameworks/Python3.framework/Versions/3.9'
  sys.base_exec_prefix = '/Applications/Xcode.app/Contents/Developer/Library/Frameworks/Python3.framework/Versions/3.9'
  sys.platlibdir = 'lib'
  sys.executable = '/Applications/Xcode.app/Contents/Developer/usr/bin/python3'
  sys.prefix = '/Applications/Xcode.app/Contents/Developer/Library/Frameworks/Python3.framework/Versions/3.9'
  sys.exec_prefix = '/Applications/Xcode.app/Contents/Developer/Library/Frameworks/Python3.framework/Versions/3.9'
  sys.path = [
    'src',
    '/Applications/Xcode.app/Contents/Developer/Library/Frameworks/Python3.framework/Versions/3.9/lib/python39.zip',
    '/Applications/Xcode.app/Contents/Developer/Library/Frameworks/Python3.framework/Versions/3.9/lib/python3.9',
    '/Applications/Xcode.app/Contents/Developer/Library/Frameworks/Python3.framework/Versions/3.9/lib/python3.9/lib-dynload',
  ]
Fatal Python error: init_fs_encoding: failed to get the Python codec of the filesystem encoding
Python runtime state: core initialized
Traceback (most recent call last):
  File "<frozen importlib._bootstrap_external>", line 1353, in _path_importer_cache
KeyError: 'src'

During handling of the above exception, another exception occurred:

Traceback (most recent call last):
  File "<frozen importlib._bootstrap>", line 1007, in _find_and_load
  File "<frozen importlib._bootstrap>", line 982, in _find_and_load_unlocked
  File "<frozen importlib._bootstrap>", line 925, in _find_spec
  File "<frozen importlib._bootstrap_external>", line 1414, in find_spec
  File "<frozen importlib._bootstrap_external>", line 1383, in _get_spec
  File "<frozen importlib._bootstrap_external>", line 1355, in _path_importer_cache
  File "<frozen importlib._bootstrap_external>", line 1331, in _path_hooks
  File "<frozen importlib._bootstrap_external>", line 1601, in path_hook_for_FileFinder
  File "<frozen importlib._bootstrap_external>", line 1477, in __init__
PermissionError: [Errno 1] Operation not permitted
Python path configuration:
  PYTHONHOME = (not set)
  PYTHONPATH = 'src'
  program name = '/Applications/Xcode.app/Contents/Developer/usr/bin/python3'
  isolated = 0
  environment = 1
  user site = 1
  import site = 1
  sys._base_executable = '/Applications/Xcode.app/Contents/Developer/usr/bin/python3'
  sys.base_prefix = '/Applications/Xcode.app/Contents/Developer/Library/Frameworks/Python3.framework/Versions/3.9'
  sys.base_exec_prefix = '/Applications/Xcode.app/Contents/Developer/Library/Frameworks/Python3.framework/Versions/3.9'
  sys.platlibdir = 'lib'
  sys.executable = '/Applications/Xcode.app/Contents/Developer/usr/bin/python3'
  sys.prefix = '/Applications/Xcode.app/Contents/Developer/Library/Frameworks/Python3.framework/Versions/3.9'
  sys.exec_prefix = '/Applications/Xcode.app/Contents/Developer/Library/Frameworks/Python3.framework/Versions/3.9'
  sys.path = [
    'src',
    '/Applications/Xcode.app/Contents/Developer/Library/Frameworks/Python3.framework/Versions/3.9/lib/python39.zip',
    '/Applications/Xcode.app/Contents/Developer/Library/Frameworks/Python3.framework/Versions/3.9/lib/python3.9',
    '/Applications/Xcode.app/Contents/Developer/Library/Frameworks/Python3.framework/Versions/3.9/lib/python3.9/lib-dynload',
  ]
Fatal Python error: init_fs_encoding: failed to get the Python codec of the filesystem encoding
Python runtime state: core initialized
Traceback (most recent call last):
  File "<frozen importlib._bootstrap_external>", line 1353, in _path_importer_cache
KeyError: 'src'

During handling of the above exception, another exception occurred:

Traceback (most recent call last):
  File "<frozen importlib._bootstrap>", line 1007, in _find_and_load
  File "<frozen importlib._bootstrap>", line 982, in _find_and_load_unlocked
  File "<frozen importlib._bootstrap>", line 925, in _find_spec
  File "<frozen importlib._bootstrap_external>", line 1414, in find_spec
  File "<frozen importlib._bootstrap_external>", line 1383, in _get_spec
  File "<frozen importlib._bootstrap_external>", line 1355, in _path_importer_cache
  File "<frozen importlib._bootstrap_external>", line 1331, in _path_hooks
  File "<frozen importlib._bootstrap_external>", line 1601, in path_hook_for_FileFinder
  File "<frozen importlib._bootstrap_external>", line 1477, in __init__
PermissionError: [Errno 1] Operation not permitted
Python path configuration:
  PYTHONHOME = (not set)
  PYTHONPATH = 'src'
  program name = '/Applications/Xcode.app/Contents/Developer/usr/bin/python3'
  isolated = 0
  environment = 1
  user site = 1
  import site = 1
  sys._base_executable = '/Applications/Xcode.app/Contents/Developer/usr/bin/python3'
  sys.base_prefix = '/Applications/Xcode.app/Contents/Developer/Library/Frameworks/Python3.framework/Versions/3.9'
  sys.base_exec_prefix = '/Applications/Xcode.app/Contents/Developer/Library/Frameworks/Python3.framework/Versions/3.9'
  sys.platlibdir = 'lib'
  sys.executable = '/Applications/Xcode.app/Contents/Developer/usr/bin/python3'
  sys.prefix = '/Applications/Xcode.app/Contents/Developer/Library/Frameworks/Python3.framework/Versions/3.9'
  sys.exec_prefix = '/Applications/Xcode.app/Contents/Developer/Library/Frameworks/Python3.framework/Versions/3.9'
  sys.path = [
    'src',
    '/Applications/Xcode.app/Contents/Developer/Library/Frameworks/Python3.framework/Versions/3.9/lib/python39.zip',
    '/Applications/Xcode.app/Contents/Developer/Library/Frameworks/Python3.framework/Versions/3.9/lib/python3.9',
    '/Applications/Xcode.app/Contents/Developer/Library/Frameworks/Python3.framework/Versions/3.9/lib/python3.9/lib-dynload',
  ]
Fatal Python error: init_fs_encoding: failed to get the Python codec of the filesystem encoding
Python runtime state: core initialized
Traceback (most recent call last):
  File "<frozen importlib._bootstrap_external>", line 1353, in _path_importer_cache
KeyError: 'src'

During handling of the above exception, another exception occurred:

Traceback (most recent call last):
  File "<frozen importlib._bootstrap>", line 1007, in _find_and_load
  File "<frozen importlib._bootstrap>", line 982, in _find_and_load_unlocked
  File "<frozen importlib._bootstrap>", line 925, in _find_spec
  File "<frozen importlib._bootstrap_external>", line 1414, in find_spec
  File "<frozen importlib._bootstrap_external>", line 1383, in _get_spec
  File "<frozen importlib._bootstrap_external>", line 1355, in _path_importer_cache
  File "<frozen importlib._bootstrap_external>", line 1331, in _path_hooks
  File "<frozen importlib._bootstrap_external>", line 1601, in path_hook_for_FileFinder
  File "<frozen importlib._bootstrap_external>", line 1477, in __init__
PermissionError: [Errno 1] Operation not permitted
Python path configuration:
  PYTHONHOME = (not set)
  PYTHONPATH = 'src'
  program name = '/Applications/Xcode.app/Contents/Developer/usr/bin/python3'
  isolated = 0
  environment = 1
  user site = 1
  import site = 1
  sys._base_executable = '/Applications/Xcode.app/Contents/Developer/usr/bin/python3'
  sys.base_prefix = '/Applications/Xcode.app/Contents/Developer/Library/Frameworks/Python3.framework/Versions/3.9'
  sys.base_exec_prefix = '/Applications/Xcode.app/Contents/Developer/Library/Frameworks/Python3.framework/Versions/3.9'
  sys.platlibdir = 'lib'
  sys.executable = '/Applications/Xcode.app/Contents/Developer/usr/bin/python3'
  sys.prefix = '/Applications/Xcode.app/Contents/Developer/Library/Frameworks/Python3.framework/Versions/3.9'
  sys.exec_prefix = '/Applications/Xcode.app/Contents/Developer/Library/Frameworks/Python3.framework/Versions/3.9'
  sys.path = [
    'src',
    '/Applications/Xcode.app/Contents/Developer/Library/Frameworks/Python3.framework/Versions/3.9/lib/python39.zip',
    '/Applications/Xcode.app/Contents/Developer/Library/Frameworks/Python3.framework/Versions/3.9/lib/python3.9',
    '/Applications/Xcode.app/Contents/Developer/Library/Frameworks/Python3.framework/Versions/3.9/lib/python3.9/lib-dynload',
  ]
Fatal Python error: init_fs_encoding: failed to get the Python codec of the filesystem encoding
Python runtime state: core initialized
Traceback (most recent call last):
  File "<frozen importlib._bootstrap_external>", line 1353, in _path_importer_cache
KeyError: 'src'

During handling of the above exception, another exception occurred:

Traceback (most recent call last):
  File "<frozen importlib._bootstrap>", line 1007, in _find_and_load
  File "<frozen importlib._bootstrap>", line 982, in _find_and_load_unlocked
  File "<frozen importlib._bootstrap>", line 925, in _find_spec
  File "<frozen importlib._bootstrap_external>", line 1414, in find_spec
  File "<frozen importlib._bootstrap_external>", line 1383, in _get_spec
  File "<frozen importlib._bootstrap_external>", line 1355, in _path_importer_cache
  File "<frozen importlib._bootstrap_external>", line 1331, in _path_hooks
  File "<frozen importlib._bootstrap_external>", line 1601, in path_hook_for_FileFinder
  File "<frozen importlib._bootstrap_external>", line 1477, in __init__
PermissionError: [Errno 1] Operation not permitted
Python path configuration:
  PYTHONHOME = (not set)
  PYTHONPATH = 'src'
  program name = '/Applications/Xcode.app/Contents/Developer/usr/bin/python3'
  isolated = 0
  environment = 1
  user site = 1
  import site = 1
  sys._base_executable = '/Applications/Xcode.app/Contents/Developer/usr/bin/python3'
  sys.base_prefix = '/Applications/Xcode.app/Contents/Developer/Library/Frameworks/Python3.framework/Versions/3.9'
  sys.base_exec_prefix = '/Applications/Xcode.app/Contents/Developer/Library/Frameworks/Python3.framework/Versions/3.9'
  sys.platlibdir = 'lib'
  sys.executable = '/Applications/Xcode.app/Contents/Developer/usr/bin/python3'
  sys.prefix = '/Applications/Xcode.app/Contents/Developer/Library/Frameworks/Python3.framework/Versions/3.9'
  sys.exec_prefix = '/Applications/Xcode.app/Contents/Developer/Library/Frameworks/Python3.framework/Versions/3.9'
  sys.path = [
    'src',
    '/Applications/Xcode.app/Contents/Developer/Library/Frameworks/Python3.framework/Versions/3.9/lib/python39.zip',
    '/Applications/Xcode.app/Contents/Developer/Library/Frameworks/Python3.framework/Versions/3.9/lib/python3.9',
    '/Applications/Xcode.app/Contents/Developer/Library/Frameworks/Python3.framework/Versions/3.9/lib/python3.9/lib-dynload',
  ]
Fatal Python error: init_fs_encoding: failed to get the Python codec of the filesystem encoding
Python runtime state: core initialized
Traceback (most recent call last):
  File "<frozen importlib._bootstrap_external>", line 1353, in _path_importer_cache
KeyError: 'src'

During handling of the above exception, another exception occurred:

Traceback (most recent call last):
  File "<frozen importlib._bootstrap>", line 1007, in _find_and_load
  File "<frozen importlib._bootstrap>", line 982, in _find_and_load_unlocked
  File "<frozen importlib._bootstrap>", line 925, in _find_spec
  File "<frozen importlib._bootstrap_external>", line 1414, in find_spec
  File "<frozen importlib._bootstrap_external>", line 1383, in _get_spec
  File "<frozen importlib._bootstrap_external>", line 1355, in _path_importer_cache
  File "<frozen importlib._bootstrap_external>", line 1331, in _path_hooks
  File "<frozen importlib._bootstrap_external>", line 1601, in path_hook_for_FileFinder
  File "<frozen importlib._bootstrap_external>", line 1477, in __init__
PermissionError: [Errno 1] Operation not permitted
Python path configuration:
  PYTHONHOME = (not set)
  PYTHONPATH = 'src'
  program name = '/Applications/Xcode.app/Contents/Developer/usr/bin/python3'
  isolated = 0
  environment = 1
  user site = 1
  import site = 1
  sys._base_executable = '/Applications/Xcode.app/Contents/Developer/usr/bin/python3'
  sys.base_prefix = '/Applications/Xcode.app/Contents/Developer/Library/Frameworks/Python3.framework/Versions/3.9'
  sys.base_exec_prefix = '/Applications/Xcode.app/Contents/Developer/Library/Frameworks/Python3.framework/Versions/3.9'
  sys.platlibdir = 'lib'
  sys.executable = '/Applications/Xcode.app/Contents/Developer/usr/bin/python3'
  sys.prefix = '/Applications/Xcode.app/Contents/Developer/Library/Frameworks/Python3.framework/Versions/3.9'
  sys.exec_prefix = '/Applications/Xcode.app/Contents/Developer/Library/Frameworks/Python3.framework/Versions/3.9'
  sys.path = [
    'src',
    '/Applications/Xcode.app/Contents/Developer/Library/Frameworks/Python3.framework/Versions/3.9/lib/python39.zip',
    '/Applications/Xcode.app/Contents/Developer/Library/Frameworks/Python3.framework/Versions/3.9/lib/python3.9',
    '/Applications/Xcode.app/Contents/Developer/Library/Frameworks/Python3.framework/Versions/3.9/lib/python3.9/lib-dynload',
  ]
Fatal Python error: init_fs_encoding: failed to get the Python codec of the filesystem encoding
Python runtime state: core initialized
Traceback (most recent call last):
  File "<frozen importlib._bootstrap_external>", line 1353, in _path_importer_cache
KeyError: 'src'

During handling of the above exception, another exception occurred:

Traceback (most recent call last):
  File "<frozen importlib._bootstrap>", line 1007, in _find_and_load
  File "<frozen importlib._bootstrap>", line 982, in _find_and_load_unlocked
  File "<frozen importlib._bootstrap>", line 925, in _find_spec
  File "<frozen importlib._bootstrap_external>", line 1414, in find_spec
  File "<frozen importlib._bootstrap_external>", line 1383, in _get_spec
  File "<frozen importlib._bootstrap_external>", line 1355, in _path_importer_cache
  File "<frozen importlib._bootstrap_external>", line 1331, in _path_hooks
  File "<frozen importlib._bootstrap_external>", line 1601, in path_hook_for_FileFinder
  File "<frozen importlib._bootstrap_external>", line 1477, in __init__
PermissionError: [Errno 1] Operation not permitted
Python path configuration:
  PYTHONHOME = (not set)
  PYTHONPATH = 'src'
  program name = '/Applications/Xcode.app/Contents/Developer/usr/bin/python3'
  isolated = 0
  environment = 1
  user site = 1
  import site = 1
  sys._base_executable = '/Applications/Xcode.app/Contents/Developer/usr/bin/python3'
  sys.base_prefix = '/Applications/Xcode.app/Contents/Developer/Library/Frameworks/Python3.framework/Versions/3.9'
  sys.base_exec_prefix = '/Applications/Xcode.app/Contents/Developer/Library/Frameworks/Python3.framework/Versions/3.9'
  sys.platlibdir = 'lib'
  sys.executable = '/Applications/Xcode.app/Contents/Developer/usr/bin/python3'
  sys.prefix = '/Applications/Xcode.app/Contents/Developer/Library/Frameworks/Python3.framework/Versions/3.9'
  sys.exec_prefix = '/Applications/Xcode.app/Contents/Developer/Library/Frameworks/Python3.framework/Versions/3.9'
  sys.path = [
    'src',
    '/Applications/Xcode.app/Contents/Developer/Library/Frameworks/Python3.framework/Versions/3.9/lib/python39.zip',
    '/Applications/Xcode.app/Contents/Developer/Library/Frameworks/Python3.framework/Versions/3.9/lib/python3.9',
    '/Applications/Xcode.app/Contents/Developer/Library/Frameworks/Python3.framework/Versions/3.9/lib/python3.9/lib-dynload',
  ]
Fatal Python error: init_fs_encoding: failed to get the Python codec of the filesystem encoding
Python runtime state: core initialized
Traceback (most recent call last):
  File "<frozen importlib._bootstrap_external>", line 1353, in _path_importer_cache
KeyError: 'src'

During handling of the above exception, another exception occurred:

Traceback (most recent call last):
  File "<frozen importlib._bootstrap>", line 1007, in _find_and_load
  File "<frozen importlib._bootstrap>", line 982, in _find_and_load_unlocked
  File "<frozen importlib._bootstrap>", line 925, in _find_spec
  File "<frozen importlib._bootstrap_external>", line 1414, in find_spec
  File "<frozen importlib._bootstrap_external>", line 1383, in _get_spec
  File "<frozen importlib._bootstrap_external>", line 1355, in _path_importer_cache
  File "<frozen importlib._bootstrap_external>", line 1331, in _path_hooks
  File "<frozen importlib._bootstrap_external>", line 1601, in path_hook_for_FileFinder
  File "<frozen importlib._bootstrap_external>", line 1477, in __init__
PermissionError: [Errno 1] Operation not permitted
Python path configuration:
  PYTHONHOME = (not set)
  PYTHONPATH = 'src'
  program name = '/Applications/Xcode.app/Contents/Developer/usr/bin/python3'
  isolated = 0
  environment = 1
  user site = 1
  import site = 1
  sys._base_executable = '/Applications/Xcode.app/Contents/Developer/usr/bin/python3'
  sys.base_prefix = '/Applications/Xcode.app/Contents/Developer/Library/Frameworks/Python3.framework/Versions/3.9'
  sys.base_exec_prefix = '/Applications/Xcode.app/Contents/Developer/Library/Frameworks/Python3.framework/Versions/3.9'
  sys.platlibdir = 'lib'
  sys.executable = '/Applications/Xcode.app/Contents/Developer/usr/bin/python3'
  sys.prefix = '/Applications/Xcode.app/Contents/Developer/Library/Frameworks/Python3.framework/Versions/3.9'
  sys.exec_prefix = '/Applications/Xcode.app/Contents/Developer/Library/Frameworks/Python3.framework/Versions/3.9'
  sys.path = [
    'src',
    '/Applications/Xcode.app/Contents/Developer/Library/Frameworks/Python3.framework/Versions/3.9/lib/python39.zip',
    '/Applications/Xcode.app/Contents/Developer/Library/Frameworks/Python3.framework/Versions/3.9/lib/python3.9',
    '/Applications/Xcode.app/Contents/Developer/Library/Frameworks/Python3.framework/Versions/3.9/lib/python3.9/lib-dynload',
  ]
Fatal Python error: init_fs_encoding: failed to get the Python codec of the filesystem encoding
Python runtime state: core initialized
Traceback (most recent call last):
  File "<frozen importlib._bootstrap_external>", line 1353, in _path_importer_cache
KeyError: 'src'

During handling of the above exception, another exception occurred:

Traceback (most recent call last):
  File "<frozen importlib._bootstrap>", line 1007, in _find_and_load
  File "<frozen importlib._bootstrap>", line 982, in _find_and_load_unlocked
  File "<frozen importlib._bootstrap>", line 925, in _find_spec
  File "<frozen importlib._bootstrap_external>", line 1414, in find_spec
  File "<frozen importlib._bootstrap_external>", line 1383, in _get_spec
  File "<frozen importlib._bootstrap_external>", line 1355, in _path_importer_cache
  File "<frozen importlib._bootstrap_external>", line 1331, in _path_hooks
  File "<frozen importlib._bootstrap_external>", line 1601, in path_hook_for_FileFinder
  File "<frozen importlib._bootstrap_external>", line 1477, in __init__
PermissionError: [Errno 1] Operation not permitted
Python path configuration:
  PYTHONHOME = (not set)
  PYTHONPATH = 'src'
  program name = '/Applications/Xcode.app/Contents/Developer/usr/bin/python3'
  isolated = 0
  environment = 1
  user site = 1
  import site = 1
  sys._base_executable = '/Applications/Xcode.app/Contents/Developer/usr/bin/python3'
  sys.base_prefix = '/Applications/Xcode.app/Contents/Developer/Library/Frameworks/Python3.framework/Versions/3.9'
  sys.base_exec_prefix = '/Applications/Xcode.app/Contents/Developer/Library/Frameworks/Python3.framework/Versions/3.9'
  sys.platlibdir = 'lib'
  sys.executable = '/Applications/Xcode.app/Contents/Developer/usr/bin/python3'
  sys.prefix = '/Applications/Xcode.app/Contents/Developer/Library/Frameworks/Python3.framework/Versions/3.9'
  sys.exec_prefix = '/Applications/Xcode.app/Contents/Developer/Library/Frameworks/Python3.framework/Versions/3.9'
  sys.path = [
    'src',
    '/Applications/Xcode.app/Contents/Developer/Library/Frameworks/Python3.framework/Versions/3.9/lib/python39.zip',
    '/Applications/Xcode.app/Contents/Developer/Library/Frameworks/Python3.framework/Versions/3.9/lib/python3.9',
    '/Applications/Xcode.app/Contents/Developer/Library/Frameworks/Python3.framework/Versions/3.9/lib/python3.9/lib-dynload',
  ]
Fatal Python error: init_fs_encoding: failed to get the Python codec of the filesystem encoding
Python runtime state: core initialized
Traceback (most recent call last):
  File "<frozen importlib._bootstrap_external>", line 1353, in _path_importer_cache
KeyError: 'src'

During handling of the above exception, another exception occurred:

Traceback (most recent call last):
  File "<frozen importlib._bootstrap>", line 1007, in _find_and_load
  File "<frozen importlib._bootstrap>", line 982, in _find_and_load_unlocked
  File "<frozen importlib._bootstrap>", line 925, in _find_spec
  File "<frozen importlib._bootstrap_external>", line 1414, in find_spec
  File "<frozen importlib._bootstrap_external>", line 1383, in _get_spec
  File "<frozen importlib._bootstrap_external>", line 1355, in _path_importer_cache
  File "<frozen importlib._bootstrap_external>", line 1331, in _path_hooks
  File "<frozen importlib._bootstrap_external>", line 1601, in path_hook_for_FileFinder
  File "<frozen importlib._bootstrap_external>", line 1477, in __init__
PermissionError: [Errno 1] Operation not permitted
Python path configuration:
  PYTHONHOME = (not set)
  PYTHONPATH = 'src'
  program name = '/Applications/Xcode.app/Contents/Developer/usr/bin/python3'
  isolated = 0
  environment = 1
  user site = 1
  import site = 1
  sys._base_executable = '/Applications/Xcode.app/Contents/Developer/usr/bin/python3'
  sys.base_prefix = '/Applications/Xcode.app/Contents/Developer/Library/Frameworks/Python3.framework/Versions/3.9'
  sys.base_exec_prefix = '/Applications/Xcode.app/Contents/Developer/Library/Frameworks/Python3.framework/Versions/3.9'
  sys.platlibdir = 'lib'
  sys.executable = '/Applications/Xcode.app/Contents/Developer/usr/bin/python3'
  sys.prefix = '/Applications/Xcode.app/Contents/Developer/Library/Frameworks/Python3.framework/Versions/3.9'
  sys.exec_prefix = '/Applications/Xcode.app/Contents/Developer/Library/Frameworks/Python3.framework/Versions/3.9'
  sys.path = [
    'src',
    '/Applications/Xcode.app/Contents/Developer/Library/Frameworks/Python3.framework/Versions/3.9/lib/python39.zip',
    '/Applications/Xcode.app/Contents/Developer/Library/Frameworks/Python3.framework/Versions/3.9/lib/python3.9',
    '/Applications/Xcode.app/Contents/Developer/Library/Frameworks/Python3.framework/Versions/3.9/lib/python3.9/lib-dynload',
  ]
Fatal Python error: init_fs_encoding: failed to get the Python codec of the filesystem encoding
Python runtime state: core initialized
Traceback (most recent call last):
  File "<frozen importlib._bootstrap_external>", line 1353, in _path_importer_cache
KeyError: 'src'

During handling of the above exception, another exception occurred:

Traceback (most recent call last):
  File "<frozen importlib._bootstrap>", line 1007, in _find_and_load
  File "<frozen importlib._bootstrap>", line 982, in _find_and_load_unlocked
  File "<frozen importlib._bootstrap>", line 925, in _find_spec
  File "<frozen importlib._bootstrap_external>", line 1414, in find_spec
  File "<frozen importlib._bootstrap_external>", line 1383, in _get_spec
  File "<frozen importlib._bootstrap_external>", line 1355, in _path_importer_cache
  File "<frozen importlib._bootstrap_external>", line 1331, in _path_hooks
  File "<frozen importlib._bootstrap_external>", line 1601, in path_hook_for_FileFinder
  File "<frozen importlib._bootstrap_external>", line 1477, in __init__
PermissionError: [Errno 1] Operation not permitted
Python path configuration:
  PYTHONHOME = (not set)
  PYTHONPATH = 'src'
  program name = '/Applications/Xcode.app/Contents/Developer/usr/bin/python3'
  isolated = 0
  environment = 1
  user site = 1
  import site = 1
  sys._base_executable = '/Applications/Xcode.app/Contents/Developer/usr/bin/python3'
  sys.base_prefix = '/Applications/Xcode.app/Contents/Developer/Library/Frameworks/Python3.framework/Versions/3.9'
  sys.base_exec_prefix = '/Applications/Xcode.app/Contents/Developer/Library/Frameworks/Python3.framework/Versions/3.9'
  sys.platlibdir = 'lib'
  sys.executable = '/Applications/Xcode.app/Contents/Developer/usr/bin/python3'
  sys.prefix = '/Applications/Xcode.app/Contents/Developer/Library/Frameworks/Python3.framework/Versions/3.9'
  sys.exec_prefix = '/Applications/Xcode.app/Contents/Developer/Library/Frameworks/Python3.framework/Versions/3.9'
  sys.path = [
    'src',
    '/Applications/Xcode.app/Contents/Developer/Library/Frameworks/Python3.framework/Versions/3.9/lib/python39.zip',
    '/Applications/Xcode.app/Contents/Developer/Library/Frameworks/Python3.framework/Versions/3.9/lib/python3.9',
    '/Applications/Xcode.app/Contents/Developer/Library/Frameworks/Python3.framework/Versions/3.9/lib/python3.9/lib-dynload',
  ]
Fatal Python error: init_fs_encoding: failed to get the Python codec of the filesystem encoding
Python runtime state: core initialized
Traceback (most recent call last):
  File "<frozen importlib._bootstrap_external>", line 1353, in _path_importer_cache
KeyError: 'src'

During handling of the above exception, another exception occurred:

Traceback (most recent call last):
  File "<frozen importlib._bootstrap>", line 1007, in _find_and_load
  File "<frozen importlib._bootstrap>", line 982, in _find_and_load_unlocked
  File "<frozen importlib._bootstrap>", line 925, in _find_spec
  File "<frozen importlib._bootstrap_external>", line 1414, in find_spec
  File "<frozen importlib._bootstrap_external>", line 1383, in _get_spec
  File "<frozen importlib._bootstrap_external>", line 1355, in _path_importer_cache
  File "<frozen importlib._bootstrap_external>", line 1331, in _path_hooks
  File "<frozen importlib._bootstrap_external>", line 1601, in path_hook_for_FileFinder
  File "<frozen importlib._bootstrap_external>", line 1477, in __init__
PermissionError: [Errno 1] Operation not permitted
Python path configuration:
  PYTHONHOME = (not set)
  PYTHONPATH = 'src'
  program name = '/Applications/Xcode.app/Contents/Developer/usr/bin/python3'
  isolated = 0
  environment = 1
  user site = 1
  import site = 1
  sys._base_executable = '/Applications/Xcode.app/Contents/Developer/usr/bin/python3'
  sys.base_prefix = '/Applications/Xcode.app/Contents/Developer/Library/Frameworks/Python3.framework/Versions/3.9'
  sys.base_exec_prefix = '/Applications/Xcode.app/Contents/Developer/Library/Frameworks/Python3.framework/Versions/3.9'
  sys.platlibdir = 'lib'
  sys.executable = '/Applications/Xcode.app/Contents/Developer/usr/bin/python3'
  sys.prefix = '/Applications/Xcode.app/Contents/Developer/Library/Frameworks/Python3.framework/Versions/3.9'
  sys.exec_prefix = '/Applications/Xcode.app/Contents/Developer/Library/Frameworks/Python3.framework/Versions/3.9'
  sys.path = [
    'src',
    '/Applications/Xcode.app/Contents/Developer/Library/Frameworks/Python3.framework/Versions/3.9/lib/python39.zip',
    '/Applications/Xcode.app/Contents/Developer/Library/Frameworks/Python3.framework/Versions/3.9/lib/python3.9',
    '/Applications/Xcode.app/Contents/Developer/Library/Frameworks/Python3.framework/Versions/3.9/lib/python3.9/lib-dynload',
  ]
Fatal Python error: init_fs_encoding: failed to get the Python codec of the filesystem encoding
Python runtime state: core initialized
Traceback (most recent call last):
  File "<frozen importlib._bootstrap_external>", line 1353, in _path_importer_cache
KeyError: 'src'

During handling of the above exception, another exception occurred:

Traceback (most recent call last):
  File "<frozen importlib._bootstrap>", line 1007, in _find_and_load
  File "<frozen importlib._bootstrap>", line 982, in _find_and_load_unlocked
  File "<frozen importlib._bootstrap>", line 925, in _find_spec
  File "<frozen importlib._bootstrap_external>", line 1414, in find_spec
  File "<frozen importlib._bootstrap_external>", line 1383, in _get_spec
  File "<frozen importlib._bootstrap_external>", line 1355, in _path_importer_cache
  File "<frozen importlib._bootstrap_external>", line 1331, in _path_hooks
  File "<frozen importlib._bootstrap_external>", line 1601, in path_hook_for_FileFinder
  File "<frozen importlib._bootstrap_external>", line 1477, in __init__
PermissionError: [Errno 1] Operation not permitted
Python path configuration:
  PYTHONHOME = (not set)
  PYTHONPATH = 'src'
  program name = '/Applications/Xcode.app/Contents/Developer/usr/bin/python3'
  isolated = 0
  environment = 1
  user site = 1
  import site = 1
  sys._base_executable = '/Applications/Xcode.app/Contents/Developer/usr/bin/python3'
  sys.base_prefix = '/Applications/Xcode.app/Contents/Developer/Library/Frameworks/Python3.framework/Versions/3.9'
  sys.base_exec_prefix = '/Applications/Xcode.app/Contents/Developer/Library/Frameworks/Python3.framework/Versions/3.9'
  sys.platlibdir = 'lib'
  sys.executable = '/Applications/Xcode.app/Contents/Developer/usr/bin/python3'
  sys.prefix = '/Applications/Xcode.app/Contents/Developer/Library/Frameworks/Python3.framework/Versions/3.9'
  sys.exec_prefix = '/Applications/Xcode.app/Contents/Developer/Library/Frameworks/Python3.framework/Versions/3.9'
  sys.path = [
    'src',
    '/Applications/Xcode.app/Contents/Developer/Library/Frameworks/Python3.framework/Versions/3.9/lib/python39.zip',
    '/Applications/Xcode.app/Contents/Developer/Library/Frameworks/Python3.framework/Versions/3.9/lib/python3.9',
    '/Applications/Xcode.app/Contents/Developer/Library/Frameworks/Python3.framework/Versions/3.9/lib/python3.9/lib-dynload',
  ]
Fatal Python error: init_fs_encoding: failed to get the Python codec of the filesystem encoding
Python runtime state: core initialized
Traceback (most recent call last):
  File "<frozen importlib._bootstrap_external>", line 1353, in _path_importer_cache
KeyError: 'src'

During handling of the above exception, another exception occurred:

Traceback (most recent call last):
  File "<frozen importlib._bootstrap>", line 1007, in _find_and_load
  File "<frozen importlib._bootstrap>", line 982, in _find_and_load_unlocked
  File "<frozen importlib._bootstrap>", line 925, in _find_spec
  File "<frozen importlib._bootstrap_external>", line 1414, in find_spec
  File "<frozen importlib._bootstrap_external>", line 1383, in _get_spec
  File "<frozen importlib._bootstrap_external>", line 1355, in _path_importer_cache
  File "<frozen importlib._bootstrap_external>", line 1331, in _path_hooks
  File "<frozen importlib._bootstrap_external>", line 1601, in path_hook_for_FileFinder
  File "<frozen importlib._bootstrap_external>", line 1477, in __init__
PermissionError: [Errno 1] Operation not permitted
Python path configuration:
  PYTHONHOME = (not set)
  PYTHONPATH = 'src'
  program name = '/Applications/Xcode.app/Contents/Developer/usr/bin/python3'
  isolated = 0
  environment = 1
  user site = 1
  import site = 1
  sys._base_executable = '/Applications/Xcode.app/Contents/Developer/usr/bin/python3'
  sys.base_prefix = '/Applications/Xcode.app/Contents/Developer/Library/Frameworks/Python3.framework/Versions/3.9'
  sys.base_exec_prefix = '/Applications/Xcode.app/Contents/Developer/Library/Frameworks/Python3.framework/Versions/3.9'
  sys.platlibdir = 'lib'
  sys.executable = '/Applications/Xcode.app/Contents/Developer/usr/bin/python3'
  sys.prefix = '/Applications/Xcode.app/Contents/Developer/Library/Frameworks/Python3.framework/Versions/3.9'
  sys.exec_prefix = '/Applications/Xcode.app/Contents/Developer/Library/Frameworks/Python3.framework/Versions/3.9'
  sys.path = [
    'src',
    '/Applications/Xcode.app/Contents/Developer/Library/Frameworks/Python3.framework/Versions/3.9/lib/python39.zip',
    '/Applications/Xcode.app/Contents/Developer/Library/Frameworks/Python3.framework/Versions/3.9/lib/python3.9',
    '/Applications/Xcode.app/Contents/Developer/Library/Frameworks/Python3.framework/Versions/3.9/lib/python3.9/lib-dynload',
  ]
Fatal Python error: init_fs_encoding: failed to get the Python codec of the filesystem encoding
Python runtime state: core initialized
Traceback (most recent call last):
  File "<frozen importlib._bootstrap_external>", line 1353, in _path_importer_cache
KeyError: 'src'

During handling of the above exception, another exception occurred:

Traceback (most recent call last):
  File "<frozen importlib._bootstrap>", line 1007, in _find_and_load
  File "<frozen importlib._bootstrap>", line 982, in _find_and_load_unlocked
  File "<frozen importlib._bootstrap>", line 925, in _find_spec
  File "<frozen importlib._bootstrap_external>", line 1414, in find_spec
  File "<frozen importlib._bootstrap_external>", line 1383, in _get_spec
  File "<frozen importlib._bootstrap_external>", line 1355, in _path_importer_cache
  File "<frozen importlib._bootstrap_external>", line 1331, in _path_hooks
  File "<frozen importlib._bootstrap_external>", line 1601, in path_hook_for_FileFinder
  File "<frozen importlib._bootstrap_external>", line 1477, in __init__
PermissionError: [Errno 1] Operation not permitted
Python path configuration:
  PYTHONHOME = (not set)
  PYTHONPATH = 'src'
  program name = '/Applications/Xcode.app/Contents/Developer/usr/bin/python3'
  isolated = 0
  environment = 1
  user site = 1
  import site = 1
  sys._base_executable = '/Applications/Xcode.app/Contents/Developer/usr/bin/python3'
  sys.base_prefix = '/Applications/Xcode.app/Contents/Developer/Library/Frameworks/Python3.framework/Versions/3.9'
  sys.base_exec_prefix = '/Applications/Xcode.app/Contents/Developer/Library/Frameworks/Python3.framework/Versions/3.9'
  sys.platlibdir = 'lib'
  sys.executable = '/Applications/Xcode.app/Contents/Developer/usr/bin/python3'
  sys.prefix = '/Applications/Xcode.app/Contents/Developer/Library/Frameworks/Python3.framework/Versions/3.9'
  sys.exec_prefix = '/Applications/Xcode.app/Contents/Developer/Library/Frameworks/Python3.framework/Versions/3.9'
  sys.path = [
    'src',
    '/Applications/Xcode.app/Contents/Developer/Library/Frameworks/Python3.framework/Versions/3.9/lib/python39.zip',
    '/Applications/Xcode.app/Contents/Developer/Library/Frameworks/Python3.framework/Versions/3.9/lib/python3.9',
    '/Applications/Xcode.app/Contents/Developer/Library/Frameworks/Python3.framework/Versions/3.9/lib/python3.9/lib-dynload',
  ]
Fatal Python error: init_fs_encoding: failed to get the Python codec of the filesystem encoding
Python runtime state: core initialized
Traceback (most recent call last):
  File "<frozen importlib._bootstrap_external>", line 1353, in _path_importer_cache
KeyError: 'src'

During handling of the above exception, another exception occurred:

Traceback (most recent call last):
  File "<frozen importlib._bootstrap>", line 1007, in _find_and_load
  File "<frozen importlib._bootstrap>", line 982, in _find_and_load_unlocked
  File "<frozen importlib._bootstrap>", line 925, in _find_spec
  File "<frozen importlib._bootstrap_external>", line 1414, in find_spec
  File "<frozen importlib._bootstrap_external>", line 1383, in _get_spec
  File "<frozen importlib._bootstrap_external>", line 1355, in _path_importer_cache
  File "<frozen importlib._bootstrap_external>", line 1331, in _path_hooks
  File "<frozen importlib._bootstrap_external>", line 1601, in path_hook_for_FileFinder
  File "<frozen importlib._bootstrap_external>", line 1477, in __init__
PermissionError: [Errno 1] Operation not permitted
Python path configuration:
  PYTHONHOME = (not set)
  PYTHONPATH = 'src'
  program name = '/Applications/Xcode.app/Contents/Developer/usr/bin/python3'
  isolated = 0
  environment = 1
  user site = 1
  import site = 1
  sys._base_executable = '/Applications/Xcode.app/Contents/Developer/usr/bin/python3'
  sys.base_prefix = '/Applications/Xcode.app/Contents/Developer/Library/Frameworks/Python3.framework/Versions/3.9'
  sys.base_exec_prefix = '/Applications/Xcode.app/Contents/Developer/Library/Frameworks/Python3.framework/Versions/3.9'
  sys.platlibdir = 'lib'
  sys.executable = '/Applications/Xcode.app/Contents/Developer/usr/bin/python3'
  sys.prefix = '/Applications/Xcode.app/Contents/Developer/Library/Frameworks/Python3.framework/Versions/3.9'
  sys.exec_prefix = '/Applications/Xcode.app/Contents/Developer/Library/Frameworks/Python3.framework/Versions/3.9'
  sys.path = [
    'src',
    '/Applications/Xcode.app/Contents/Developer/Library/Frameworks/Python3.framework/Versions/3.9/lib/python39.zip',
    '/Applications/Xcode.app/Contents/Developer/Library/Frameworks/Python3.framework/Versions/3.9/lib/python3.9',
    '/Applications/Xcode.app/Contents/Developer/Library/Frameworks/Python3.framework/Versions/3.9/lib/python3.9/lib-dynload',
  ]
Fatal Python error: init_fs_encoding: failed to get the Python codec of the filesystem encoding
Python runtime state: core initialized
Traceback (most recent call last):
  File "<frozen importlib._bootstrap_external>", line 1353, in _path_importer_cache
KeyError: 'src'

During handling of the above exception, another exception occurred:

Traceback (most recent call last):
  File "<frozen importlib._bootstrap>", line 1007, in _find_and_load
  File "<frozen importlib._bootstrap>", line 982, in _find_and_load_unlocked
  File "<frozen importlib._bootstrap>", line 925, in _find_spec
  File "<frozen importlib._bootstrap_external>", line 1414, in find_spec
  File "<frozen importlib._bootstrap_external>", line 1383, in _get_spec
  File "<frozen importlib._bootstrap_external>", line 1355, in _path_importer_cache
  File "<frozen importlib._bootstrap_external>", line 1331, in _path_hooks
  File "<frozen importlib._bootstrap_external>", line 1601, in path_hook_for_FileFinder
  File "<frozen importlib._bootstrap_external>", line 1477, in __init__
PermissionError: [Errno 1] Operation not permitted
Python path configuration:
  PYTHONHOME = (not set)
  PYTHONPATH = 'src'
  program name = '/Applications/Xcode.app/Contents/Developer/usr/bin/python3'
  isolated = 0
  environment = 1
  user site = 1
  import site = 1
  sys._base_executable = '/Applications/Xcode.app/Contents/Developer/usr/bin/python3'
  sys.base_prefix = '/Applications/Xcode.app/Contents/Developer/Library/Frameworks/Python3.framework/Versions/3.9'
  sys.base_exec_prefix = '/Applications/Xcode.app/Contents/Developer/Library/Frameworks/Python3.framework/Versions/3.9'
  sys.platlibdir = 'lib'
  sys.executable = '/Applications/Xcode.app/Contents/Developer/usr/bin/python3'
  sys.prefix = '/Applications/Xcode.app/Contents/Developer/Library/Frameworks/Python3.framework/Versions/3.9'
  sys.exec_prefix = '/Applications/Xcode.app/Contents/Developer/Library/Frameworks/Python3.framework/Versions/3.9'
  sys.path = [
    'src',
    '/Applications/Xcode.app/Contents/Developer/Library/Frameworks/Python3.framework/Versions/3.9/lib/python39.zip',
    '/Applications/Xcode.app/Contents/Developer/Library/Frameworks/Python3.framework/Versions/3.9/lib/python3.9',
    '/Applications/Xcode.app/Contents/Developer/Library/Frameworks/Python3.framework/Versions/3.9/lib/python3.9/lib-dynload',
  ]
Fatal Python error: init_fs_encoding: failed to get the Python codec of the filesystem encoding
Python runtime state: core initialized
Traceback (most recent call last):
  File "<frozen importlib._bootstrap_external>", line 1353, in _path_importer_cache
KeyError: 'src'

During handling of the above exception, another exception occurred:

Traceback (most recent call last):
  File "<frozen importlib._bootstrap>", line 1007, in _find_and_load
  File "<frozen importlib._bootstrap>", line 982, in _find_and_load_unlocked
  File "<frozen importlib._bootstrap>", line 925, in _find_spec
  File "<frozen importlib._bootstrap_external>", line 1414, in find_spec
  File "<frozen importlib._bootstrap_external>", line 1383, in _get_spec
  File "<frozen importlib._bootstrap_external>", line 1355, in _path_importer_cache
  File "<frozen importlib._bootstrap_external>", line 1331, in _path_hooks
  File "<frozen importlib._bootstrap_external>", line 1601, in path_hook_for_FileFinder
  File "<frozen importlib._bootstrap_external>", line 1477, in __init__
PermissionError: [Errno 1] Operation not permitted
Python path configuration:
  PYTHONHOME = (not set)
  PYTHONPATH = 'src'
  program name = '/Applications/Xcode.app/Contents/Developer/usr/bin/python3'
  isolated = 0
  environment = 1
  user site = 1
  import site = 1
  sys._base_executable = '/Applications/Xcode.app/Contents/Developer/usr/bin/python3'
  sys.base_prefix = '/Applications/Xcode.app/Contents/Developer/Library/Frameworks/Python3.framework/Versions/3.9'
  sys.base_exec_prefix = '/Applications/Xcode.app/Contents/Developer/Library/Frameworks/Python3.framework/Versions/3.9'
  sys.platlibdir = 'lib'
  sys.executable = '/Applications/Xcode.app/Contents/Developer/usr/bin/python3'
  sys.prefix = '/Applications/Xcode.app/Contents/Developer/Library/Frameworks/Python3.framework/Versions/3.9'
  sys.exec_prefix = '/Applications/Xcode.app/Contents/Developer/Library/Frameworks/Python3.framework/Versions/3.9'
  sys.path = [
    'src',
    '/Applications/Xcode.app/Contents/Developer/Library/Frameworks/Python3.framework/Versions/3.9/lib/python39.zip',
    '/Applications/Xcode.app/Contents/Developer/Library/Frameworks/Python3.framework/Versions/3.9/lib/python3.9',
    '/Applications/Xcode.app/Contents/Developer/Library/Frameworks/Python3.framework/Versions/3.9/lib/python3.9/lib-dynload',
  ]
Fatal Python error: init_fs_encoding: failed to get the Python codec of the filesystem encoding
Python runtime state: core initialized
Traceback (most recent call last):
  File "<frozen importlib._bootstrap_external>", line 1353, in _path_importer_cache
KeyError: 'src'

During handling of the above exception, another exception occurred:

Traceback (most recent call last):
  File "<frozen importlib._bootstrap>", line 1007, in _find_and_load
  File "<frozen importlib._bootstrap>", line 982, in _find_and_load_unlocked
  File "<frozen importlib._bootstrap>", line 925, in _find_spec
  File "<frozen importlib._bootstrap_external>", line 1414, in find_spec
  File "<frozen importlib._bootstrap_external>", line 1383, in _get_spec
  File "<frozen importlib._bootstrap_external>", line 1355, in _path_importer_cache
  File "<frozen importlib._bootstrap_external>", line 1331, in _path_hooks
  File "<frozen importlib._bootstrap_external>", line 1601, in path_hook_for_FileFinder
  File "<frozen importlib._bootstrap_external>", line 1477, in __init__
PermissionError: [Errno 1] Operation not permitted
Python path configuration:
  PYTHONHOME = (not set)
  PYTHONPATH = 'src'
  program name = '/Applications/Xcode.app/Contents/Developer/usr/bin/python3'
  isolated = 0
  environment = 1
  user site = 1
  import site = 1
  sys._base_executable = '/Applications/Xcode.app/Contents/Developer/usr/bin/python3'
  sys.base_prefix = '/Applications/Xcode.app/Contents/Developer/Library/Frameworks/Python3.framework/Versions/3.9'
  sys.base_exec_prefix = '/Applications/Xcode.app/Contents/Developer/Library/Frameworks/Python3.framework/Versions/3.9'
  sys.platlibdir = 'lib'
  sys.executable = '/Applications/Xcode.app/Contents/Developer/usr/bin/python3'
  sys.prefix = '/Applications/Xcode.app/Contents/Developer/Library/Frameworks/Python3.framework/Versions/3.9'
  sys.exec_prefix = '/Applications/Xcode.app/Contents/Developer/Library/Frameworks/Python3.framework/Versions/3.9'
  sys.path = [
    'src',
    '/Applications/Xcode.app/Contents/Developer/Library/Frameworks/Python3.framework/Versions/3.9/lib/python39.zip',
    '/Applications/Xcode.app/Contents/Developer/Library/Frameworks/Python3.framework/Versions/3.9/lib/python3.9',
    '/Applications/Xcode.app/Contents/Developer/Library/Frameworks/Python3.framework/Versions/3.9/lib/python3.9/lib-dynload',
  ]
Fatal Python error: init_fs_encoding: failed to get the Python codec of the filesystem encoding
Python runtime state: core initialized
Traceback (most recent call last):
  File "<frozen importlib._bootstrap_external>", line 1353, in _path_importer_cache
KeyError: 'src'

During handling of the above exception, another exception occurred:

Traceback (most recent call last):
  File "<frozen importlib._bootstrap>", line 1007, in _find_and_load
  File "<frozen importlib._bootstrap>", line 982, in _find_and_load_unlocked
  File "<frozen importlib._bootstrap>", line 925, in _find_spec
  File "<frozen importlib._bootstrap_external>", line 1414, in find_spec
  File "<frozen importlib._bootstrap_external>", line 1383, in _get_spec
  File "<frozen importlib._bootstrap_external>", line 1355, in _path_importer_cache
  File "<frozen importlib._bootstrap_external>", line 1331, in _path_hooks
  File "<frozen importlib._bootstrap_external>", line 1601, in path_hook_for_FileFinder
  File "<frozen importlib._bootstrap_external>", line 1477, in __init__
PermissionError: [Errno 1] Operation not permitted
Python path configuration:
  PYTHONHOME = (not set)
  PYTHONPATH = 'src'
  program name = '/Applications/Xcode.app/Contents/Developer/usr/bin/python3'
  isolated = 0
  environment = 1
  user site = 1
  import site = 1
  sys._base_executable = '/Applications/Xcode.app/Contents/Developer/usr/bin/python3'
  sys.base_prefix = '/Applications/Xcode.app/Contents/Developer/Library/Frameworks/Python3.framework/Versions/3.9'
  sys.base_exec_prefix = '/Applications/Xcode.app/Contents/Developer/Library/Frameworks/Python3.framework/Versions/3.9'
  sys.platlibdir = 'lib'
  sys.executable = '/Applications/Xcode.app/Contents/Developer/usr/bin/python3'
  sys.prefix = '/Applications/Xcode.app/Contents/Developer/Library/Frameworks/Python3.framework/Versions/3.9'
  sys.exec_prefix = '/Applications/Xcode.app/Contents/Developer/Library/Frameworks/Python3.framework/Versions/3.9'
  sys.path = [
    'src',
    '/Applications/Xcode.app/Contents/Developer/Library/Frameworks/Python3.framework/Versions/3.9/lib/python39.zip',
    '/Applications/Xcode.app/Contents/Developer/Library/Frameworks/Python3.framework/Versions/3.9/lib/python3.9',
    '/Applications/Xcode.app/Contents/Developer/Library/Frameworks/Python3.framework/Versions/3.9/lib/python3.9/lib-dynload',
  ]
Fatal Python error: init_fs_encoding: failed to get the Python codec of the filesystem encoding
Python runtime state: core initialized
Traceback (most recent call last):
  File "<frozen importlib._bootstrap_external>", line 1353, in _path_importer_cache
KeyError: 'src'

During handling of the above exception, another exception occurred:

Traceback (most recent call last):
  File "<frozen importlib._bootstrap>", line 1007, in _find_and_load
  File "<frozen importlib._bootstrap>", line 982, in _find_and_load_unlocked
  File "<frozen importlib._bootstrap>", line 925, in _find_spec
  File "<frozen importlib._bootstrap_external>", line 1414, in find_spec
  File "<frozen importlib._bootstrap_external>", line 1383, in _get_spec
  File "<frozen importlib._bootstrap_external>", line 1355, in _path_importer_cache
  File "<frozen importlib._bootstrap_external>", line 1331, in _path_hooks
  File "<frozen importlib._bootstrap_external>", line 1601, in path_hook_for_FileFinder
  File "<frozen importlib._bootstrap_external>", line 1477, in __init__
PermissionError: [Errno 1] Operation not permitted
Python path configuration:
  PYTHONHOME = (not set)
  PYTHONPATH = 'src'
  program name = '/Applications/Xcode.app/Contents/Developer/usr/bin/python3'
  isolated = 0
  environment = 1
  user site = 1
  import site = 1
  sys._base_executable = '/Applications/Xcode.app/Contents/Developer/usr/bin/python3'
  sys.base_prefix = '/Applications/Xcode.app/Contents/Developer/Library/Frameworks/Python3.framework/Versions/3.9'
  sys.base_exec_prefix = '/Applications/Xcode.app/Contents/Developer/Library/Frameworks/Python3.framework/Versions/3.9'
  sys.platlibdir = 'lib'
  sys.executable = '/Applications/Xcode.app/Contents/Developer/usr/bin/python3'
  sys.prefix = '/Applications/Xcode.app/Contents/Developer/Library/Frameworks/Python3.framework/Versions/3.9'
  sys.exec_prefix = '/Applications/Xcode.app/Contents/Developer/Library/Frameworks/Python3.framework/Versions/3.9'
  sys.path = [
    'src',
    '/Applications/Xcode.app/Contents/Developer/Library/Frameworks/Python3.framework/Versions/3.9/lib/python39.zip',
    '/Applications/Xcode.app/Contents/Developer/Library/Frameworks/Python3.framework/Versions/3.9/lib/python3.9',
    '/Applications/Xcode.app/Contents/Developer/Library/Frameworks/Python3.framework/Versions/3.9/lib/python3.9/lib-dynload',
  ]
Fatal Python error: init_fs_encoding: failed to get the Python codec of the filesystem encoding
Python runtime state: core initialized
Traceback (most recent call last):
  File "<frozen importlib._bootstrap_external>", line 1353, in _path_importer_cache
KeyError: 'src'

During handling of the above exception, another exception occurred:

Traceback (most recent call last):
  File "<frozen importlib._bootstrap>", line 1007, in _find_and_load
  File "<frozen importlib._bootstrap>", line 982, in _find_and_load_unlocked
  File "<frozen importlib._bootstrap>", line 925, in _find_spec
  File "<frozen importlib._bootstrap_external>", line 1414, in find_spec
  File "<frozen importlib._bootstrap_external>", line 1383, in _get_spec
  File "<frozen importlib._bootstrap_external>", line 1355, in _path_importer_cache
  File "<frozen importlib._bootstrap_external>", line 1331, in _path_hooks
  File "<frozen importlib._bootstrap_external>", line 1601, in path_hook_for_FileFinder
  File "<frozen importlib._bootstrap_external>", line 1477, in __init__
PermissionError: [Errno 1] Operation not permitted
Python path configuration:
  PYTHONHOME = (not set)
  PYTHONPATH = 'src'
  program name = '/Applications/Xcode.app/Contents/Developer/usr/bin/python3'
  isolated = 0
  environment = 1
  user site = 1
  import site = 1
  sys._base_executable = '/Applications/Xcode.app/Contents/Developer/usr/bin/python3'
  sys.base_prefix = '/Applications/Xcode.app/Contents/Developer/Library/Frameworks/Python3.framework/Versions/3.9'
  sys.base_exec_prefix = '/Applications/Xcode.app/Contents/Developer/Library/Frameworks/Python3.framework/Versions/3.9'
  sys.platlibdir = 'lib'
  sys.executable = '/Applications/Xcode.app/Contents/Developer/usr/bin/python3'
  sys.prefix = '/Applications/Xcode.app/Contents/Developer/Library/Frameworks/Python3.framework/Versions/3.9'
  sys.exec_prefix = '/Applications/Xcode.app/Contents/Developer/Library/Frameworks/Python3.framework/Versions/3.9'
  sys.path = [
    'src',
    '/Applications/Xcode.app/Contents/Developer/Library/Frameworks/Python3.framework/Versions/3.9/lib/python39.zip',
    '/Applications/Xcode.app/Contents/Developer/Library/Frameworks/Python3.framework/Versions/3.9/lib/python3.9',
    '/Applications/Xcode.app/Contents/Developer/Library/Frameworks/Python3.framework/Versions/3.9/lib/python3.9/lib-dynload',
  ]
Fatal Python error: init_fs_encoding: failed to get the Python codec of the filesystem encoding
Python runtime state: core initialized
Traceback (most recent call last):
  File "<frozen importlib._bootstrap_external>", line 1353, in _path_importer_cache
KeyError: 'src'

During handling of the above exception, another exception occurred:

Traceback (most recent call last):
  File "<frozen importlib._bootstrap>", line 1007, in _find_and_load
  File "<frozen importlib._bootstrap>", line 982, in _find_and_load_unlocked
  File "<frozen importlib._bootstrap>", line 925, in _find_spec
  File "<frozen importlib._bootstrap_external>", line 1414, in find_spec
  File "<frozen importlib._bootstrap_external>", line 1383, in _get_spec
  File "<frozen importlib._bootstrap_external>", line 1355, in _path_importer_cache
  File "<frozen importlib._bootstrap_external>", line 1331, in _path_hooks
  File "<frozen importlib._bootstrap_external>", line 1601, in path_hook_for_FileFinder
  File "<frozen importlib._bootstrap_external>", line 1477, in __init__
PermissionError: [Errno 1] Operation not permitted
Python path configuration:
  PYTHONHOME = (not set)
  PYTHONPATH = 'src'
  program name = '/Applications/Xcode.app/Contents/Developer/usr/bin/python3'
  isolated = 0
  environment = 1
  user site = 1
  import site = 1
  sys._base_executable = '/Applications/Xcode.app/Contents/Developer/usr/bin/python3'
  sys.base_prefix = '/Applications/Xcode.app/Contents/Developer/Library/Frameworks/Python3.framework/Versions/3.9'
  sys.base_exec_prefix = '/Applications/Xcode.app/Contents/Developer/Library/Frameworks/Python3.framework/Versions/3.9'
  sys.platlibdir = 'lib'
  sys.executable = '/Applications/Xcode.app/Contents/Developer/usr/bin/python3'
  sys.prefix = '/Applications/Xcode.app/Contents/Developer/Library/Frameworks/Python3.framework/Versions/3.9'
  sys.exec_prefix = '/Applications/Xcode.app/Contents/Developer/Library/Frameworks/Python3.framework/Versions/3.9'
  sys.path = [
    'src',
    '/Applications/Xcode.app/Contents/Developer/Library/Frameworks/Python3.framework/Versions/3.9/lib/python39.zip',
    '/Applications/Xcode.app/Contents/Developer/Library/Frameworks/Python3.framework/Versions/3.9/lib/python3.9',
    '/Applications/Xcode.app/Contents/Developer/Library/Frameworks/Python3.framework/Versions/3.9/lib/python3.9/lib-dynload',
  ]
Fatal Python error: init_fs_encoding: failed to get the Python codec of the filesystem encoding
Python runtime state: core initialized
Traceback (most recent call last):
  File "<frozen importlib._bootstrap_external>", line 1353, in _path_importer_cache
KeyError: 'src'

During handling of the above exception, another exception occurred:

Traceback (most recent call last):
  File "<frozen importlib._bootstrap>", line 1007, in _find_and_load
  File "<frozen importlib._bootstrap>", line 982, in _find_and_load_unlocked
  File "<frozen importlib._bootstrap>", line 925, in _find_spec
  File "<frozen importlib._bootstrap_external>", line 1414, in find_spec
  File "<frozen importlib._bootstrap_external>", line 1383, in _get_spec
  File "<frozen importlib._bootstrap_external>", line 1355, in _path_importer_cache
  File "<frozen importlib._bootstrap_external>", line 1331, in _path_hooks
  File "<frozen importlib._bootstrap_external>", line 1601, in path_hook_for_FileFinder
  File "<frozen importlib._bootstrap_external>", line 1477, in __init__
PermissionError: [Errno 1] Operation not permitted
Python path configuration:
  PYTHONHOME = (not set)
  PYTHONPATH = 'src'
  program name = '/Applications/Xcode.app/Contents/Developer/usr/bin/python3'
  isolated = 0
  environment = 1
  user site = 1
  import site = 1
  sys._base_executable = '/Applications/Xcode.app/Contents/Developer/usr/bin/python3'
  sys.base_prefix = '/Applications/Xcode.app/Contents/Developer/Library/Frameworks/Python3.framework/Versions/3.9'
  sys.base_exec_prefix = '/Applications/Xcode.app/Contents/Developer/Library/Frameworks/Python3.framework/Versions/3.9'
  sys.platlibdir = 'lib'
  sys.executable = '/Applications/Xcode.app/Contents/Developer/usr/bin/python3'
  sys.prefix = '/Applications/Xcode.app/Contents/Developer/Library/Frameworks/Python3.framework/Versions/3.9'
  sys.exec_prefix = '/Applications/Xcode.app/Contents/Developer/Library/Frameworks/Python3.framework/Versions/3.9'
  sys.path = [
    'src',
    '/Applications/Xcode.app/Contents/Developer/Library/Frameworks/Python3.framework/Versions/3.9/lib/python39.zip',
    '/Applications/Xcode.app/Contents/Developer/Library/Frameworks/Python3.framework/Versions/3.9/lib/python3.9',
    '/Applications/Xcode.app/Contents/Developer/Library/Frameworks/Python3.framework/Versions/3.9/lib/python3.9/lib-dynload',
  ]
Fatal Python error: init_fs_encoding: failed to get the Python codec of the filesystem encoding
Python runtime state: core initialized
Traceback (most recent call last):
  File "<frozen importlib._bootstrap_external>", line 1353, in _path_importer_cache
KeyError: 'src'

During handling of the above exception, another exception occurred:

Traceback (most recent call last):
  File "<frozen importlib._bootstrap>", line 1007, in _find_and_load
  File "<frozen importlib._bootstrap>", line 982, in _find_and_load_unlocked
  File "<frozen importlib._bootstrap>", line 925, in _find_spec
  File "<frozen importlib._bootstrap_external>", line 1414, in find_spec
  File "<frozen importlib._bootstrap_external>", line 1383, in _get_spec
  File "<frozen importlib._bootstrap_external>", line 1355, in _path_importer_cache
  File "<frozen importlib._bootstrap_external>", line 1331, in _path_hooks
  File "<frozen importlib._bootstrap_external>", line 1601, in path_hook_for_FileFinder
  File "<frozen importlib._bootstrap_external>", line 1477, in __init__
PermissionError: [Errno 1] Operation not permitted
Python path configuration:
  PYTHONHOME = (not set)
  PYTHONPATH = 'src'
  program name = '/Applications/Xcode.app/Contents/Developer/usr/bin/python3'
  isolated = 0
  environment = 1
  user site = 1
  import site = 1
  sys._base_executable = '/Applications/Xcode.app/Contents/Developer/usr/bin/python3'
  sys.base_prefix = '/Applications/Xcode.app/Contents/Developer/Library/Frameworks/Python3.framework/Versions/3.9'
  sys.base_exec_prefix = '/Applications/Xcode.app/Contents/Developer/Library/Frameworks/Python3.framework/Versions/3.9'
  sys.platlibdir = 'lib'
  sys.executable = '/Applications/Xcode.app/Contents/Developer/usr/bin/python3'
  sys.prefix = '/Applications/Xcode.app/Contents/Developer/Library/Frameworks/Python3.framework/Versions/3.9'
  sys.exec_prefix = '/Applications/Xcode.app/Contents/Developer/Library/Frameworks/Python3.framework/Versions/3.9'
  sys.path = [
    'src',
    '/Applications/Xcode.app/Contents/Developer/Library/Frameworks/Python3.framework/Versions/3.9/lib/python39.zip',
    '/Applications/Xcode.app/Contents/Developer/Library/Frameworks/Python3.framework/Versions/3.9/lib/python3.9',
    '/Applications/Xcode.app/Contents/Developer/Library/Frameworks/Python3.framework/Versions/3.9/lib/python3.9/lib-dynload',
  ]
Fatal Python error: init_fs_encoding: failed to get the Python codec of the filesystem encoding
Python runtime state: core initialized
Traceback (most recent call last):
  File "<frozen importlib._bootstrap_external>", line 1353, in _path_importer_cache
KeyError: 'src'

During handling of the above exception, another exception occurred:

Traceback (most recent call last):
  File "<frozen importlib._bootstrap>", line 1007, in _find_and_load
  File "<frozen importlib._bootstrap>", line 982, in _find_and_load_unlocked
  File "<frozen importlib._bootstrap>", line 925, in _find_spec
  File "<frozen importlib._bootstrap_external>", line 1414, in find_spec
  File "<frozen importlib._bootstrap_external>", line 1383, in _get_spec
  File "<frozen importlib._bootstrap_external>", line 1355, in _path_importer_cache
  File "<frozen importlib._bootstrap_external>", line 1331, in _path_hooks
  File "<frozen importlib._bootstrap_external>", line 1601, in path_hook_for_FileFinder
  File "<frozen importlib._bootstrap_external>", line 1477, in __init__
PermissionError: [Errno 1] Operation not permitted
Python path configuration:
  PYTHONHOME = (not set)
  PYTHONPATH = 'src'
  program name = '/Applications/Xcode.app/Contents/Developer/usr/bin/python3'
  isolated = 0
  environment = 1
  user site = 1
  import site = 1
  sys._base_executable = '/Applications/Xcode.app/Contents/Developer/usr/bin/python3'
  sys.base_prefix = '/Applications/Xcode.app/Contents/Developer/Library/Frameworks/Python3.framework/Versions/3.9'
  sys.base_exec_prefix = '/Applications/Xcode.app/Contents/Developer/Library/Frameworks/Python3.framework/Versions/3.9'
  sys.platlibdir = 'lib'
  sys.executable = '/Applications/Xcode.app/Contents/Developer/usr/bin/python3'
  sys.prefix = '/Applications/Xcode.app/Contents/Developer/Library/Frameworks/Python3.framework/Versions/3.9'
  sys.exec_prefix = '/Applications/Xcode.app/Contents/Developer/Library/Frameworks/Python3.framework/Versions/3.9'
  sys.path = [
    'src',
    '/Applications/Xcode.app/Contents/Developer/Library/Frameworks/Python3.framework/Versions/3.9/lib/python39.zip',
    '/Applications/Xcode.app/Contents/Developer/Library/Frameworks/Python3.framework/Versions/3.9/lib/python3.9',
    '/Applications/Xcode.app/Contents/Developer/Library/Frameworks/Python3.framework/Versions/3.9/lib/python3.9/lib-dynload',
  ]
Fatal Python error: init_fs_encoding: failed to get the Python codec of the filesystem encoding
Python runtime state: core initialized
Traceback (most recent call last):
  File "<frozen importlib._bootstrap_external>", line 1353, in _path_importer_cache
KeyError: 'src'

During handling of the above exception, another exception occurred:

Traceback (most recent call last):
  File "<frozen importlib._bootstrap>", line 1007, in _find_and_load
  File "<frozen importlib._bootstrap>", line 982, in _find_and_load_unlocked
  File "<frozen importlib._bootstrap>", line 925, in _find_spec
  File "<frozen importlib._bootstrap_external>", line 1414, in find_spec
  File "<frozen importlib._bootstrap_external>", line 1383, in _get_spec
  File "<frozen importlib._bootstrap_external>", line 1355, in _path_importer_cache
  File "<frozen importlib._bootstrap_external>", line 1331, in _path_hooks
  File "<frozen importlib._bootstrap_external>", line 1601, in path_hook_for_FileFinder
  File "<frozen importlib._bootstrap_external>", line 1477, in __init__
PermissionError: [Errno 1] Operation not permitted
Python path configuration:
  PYTHONHOME = (not set)
  PYTHONPATH = 'src'
  program name = '/Applications/Xcode.app/Contents/Developer/usr/bin/python3'
  isolated = 0
  environment = 1
  user site = 1
  import site = 1
  sys._base_executable = '/Applications/Xcode.app/Contents/Developer/usr/bin/python3'
  sys.base_prefix = '/Applications/Xcode.app/Contents/Developer/Library/Frameworks/Python3.framework/Versions/3.9'
  sys.base_exec_prefix = '/Applications/Xcode.app/Contents/Developer/Library/Frameworks/Python3.framework/Versions/3.9'
  sys.platlibdir = 'lib'
  sys.executable = '/Applications/Xcode.app/Contents/Developer/usr/bin/python3'
  sys.prefix = '/Applications/Xcode.app/Contents/Developer/Library/Frameworks/Python3.framework/Versions/3.9'
  sys.exec_prefix = '/Applications/Xcode.app/Contents/Developer/Library/Frameworks/Python3.framework/Versions/3.9'
  sys.path = [
    'src',
    '/Applications/Xcode.app/Contents/Developer/Library/Frameworks/Python3.framework/Versions/3.9/lib/python39.zip',
    '/Applications/Xcode.app/Contents/Developer/Library/Frameworks/Python3.framework/Versions/3.9/lib/python3.9',
    '/Applications/Xcode.app/Contents/Developer/Library/Frameworks/Python3.framework/Versions/3.9/lib/python3.9/lib-dynload',
  ]
Fatal Python error: init_fs_encoding: failed to get the Python codec of the filesystem encoding
Python runtime state: core initialized
Traceback (most recent call last):
  File "<frozen importlib._bootstrap_external>", line 1353, in _path_importer_cache
KeyError: 'src'

During handling of the above exception, another exception occurred:

Traceback (most recent call last):
  File "<frozen importlib._bootstrap>", line 1007, in _find_and_load
  File "<frozen importlib._bootstrap>", line 982, in _find_and_load_unlocked
  File "<frozen importlib._bootstrap>", line 925, in _find_spec
  File "<frozen importlib._bootstrap_external>", line 1414, in find_spec
  File "<frozen importlib._bootstrap_external>", line 1383, in _get_spec
  File "<frozen importlib._bootstrap_external>", line 1355, in _path_importer_cache
  File "<frozen importlib._bootstrap_external>", line 1331, in _path_hooks
  File "<frozen importlib._bootstrap_external>", line 1601, in path_hook_for_FileFinder
  File "<frozen importlib._bootstrap_external>", line 1477, in __init__
PermissionError: [Errno 1] Operation not permitted
Python path configuration:
  PYTHONHOME = (not set)
  PYTHONPATH = 'src'
  program name = '/Applications/Xcode.app/Contents/Developer/usr/bin/python3'
  isolated = 0
  environment = 1
  user site = 1
  import site = 1
  sys._base_executable = '/Applications/Xcode.app/Contents/Developer/usr/bin/python3'
  sys.base_prefix = '/Applications/Xcode.app/Contents/Developer/Library/Frameworks/Python3.framework/Versions/3.9'
  sys.base_exec_prefix = '/Applications/Xcode.app/Contents/Developer/Library/Frameworks/Python3.framework/Versions/3.9'
  sys.platlibdir = 'lib'
  sys.executable = '/Applications/Xcode.app/Contents/Developer/usr/bin/python3'
  sys.prefix = '/Applications/Xcode.app/Contents/Developer/Library/Frameworks/Python3.framework/Versions/3.9'
  sys.exec_prefix = '/Applications/Xcode.app/Contents/Developer/Library/Frameworks/Python3.framework/Versions/3.9'
  sys.path = [
    'src',
    '/Applications/Xcode.app/Contents/Developer/Library/Frameworks/Python3.framework/Versions/3.9/lib/python39.zip',
    '/Applications/Xcode.app/Contents/Developer/Library/Frameworks/Python3.framework/Versions/3.9/lib/python3.9',
    '/Applications/Xcode.app/Contents/Developer/Library/Frameworks/Python3.framework/Versions/3.9/lib/python3.9/lib-dynload',
  ]
Fatal Python error: init_fs_encoding: failed to get the Python codec of the filesystem encoding
Python runtime state: core initialized
Traceback (most recent call last):
  File "<frozen importlib._bootstrap_external>", line 1353, in _path_importer_cache
KeyError: 'src'

During handling of the above exception, another exception occurred:

Traceback (most recent call last):
  File "<frozen importlib._bootstrap>", line 1007, in _find_and_load
  File "<frozen importlib._bootstrap>", line 982, in _find_and_load_unlocked
  File "<frozen importlib._bootstrap>", line 925, in _find_spec
  File "<frozen importlib._bootstrap_external>", line 1414, in find_spec
  File "<frozen importlib._bootstrap_external>", line 1383, in _get_spec
  File "<frozen importlib._bootstrap_external>", line 1355, in _path_importer_cache
  File "<frozen importlib._bootstrap_external>", line 1331, in _path_hooks
  File "<frozen importlib._bootstrap_external>", line 1601, in path_hook_for_FileFinder
  File "<frozen importlib._bootstrap_external>", line 1477, in __init__
PermissionError: [Errno 1] Operation not permitted
Python path configuration:
  PYTHONHOME = (not set)
  PYTHONPATH = 'src'
  program name = '/Applications/Xcode.app/Contents/Developer/usr/bin/python3'
  isolated = 0
  environment = 1
  user site = 1
  import site = 1
  sys._base_executable = '/Applications/Xcode.app/Contents/Developer/usr/bin/python3'
  sys.base_prefix = '/Applications/Xcode.app/Contents/Developer/Library/Frameworks/Python3.framework/Versions/3.9'
  sys.base_exec_prefix = '/Applications/Xcode.app/Contents/Developer/Library/Frameworks/Python3.framework/Versions/3.9'
  sys.platlibdir = 'lib'
  sys.executable = '/Applications/Xcode.app/Contents/Developer/usr/bin/python3'
  sys.prefix = '/Applications/Xcode.app/Contents/Developer/Library/Frameworks/Python3.framework/Versions/3.9'
  sys.exec_prefix = '/Applications/Xcode.app/Contents/Developer/Library/Frameworks/Python3.framework/Versions/3.9'
  sys.path = [
    'src',
    '/Applications/Xcode.app/Contents/Developer/Library/Frameworks/Python3.framework/Versions/3.9/lib/python39.zip',
    '/Applications/Xcode.app/Contents/Developer/Library/Frameworks/Python3.framework/Versions/3.9/lib/python3.9',
    '/Applications/Xcode.app/Contents/Developer/Library/Frameworks/Python3.framework/Versions/3.9/lib/python3.9/lib-dynload',
  ]
Fatal Python error: init_fs_encoding: failed to get the Python codec of the filesystem encoding
Python runtime state: core initialized
Traceback (most recent call last):
  File "<frozen importlib._bootstrap_external>", line 1353, in _path_importer_cache
KeyError: 'src'

During handling of the above exception, another exception occurred:

Traceback (most recent call last):
  File "<frozen importlib._bootstrap>", line 1007, in _find_and_load
  File "<frozen importlib._bootstrap>", line 982, in _find_and_load_unlocked
  File "<frozen importlib._bootstrap>", line 925, in _find_spec
  File "<frozen importlib._bootstrap_external>", line 1414, in find_spec
  File "<frozen importlib._bootstrap_external>", line 1383, in _get_spec
  File "<frozen importlib._bootstrap_external>", line 1355, in _path_importer_cache
  File "<frozen importlib._bootstrap_external>", line 1331, in _path_hooks
  File "<frozen importlib._bootstrap_external>", line 1601, in path_hook_for_FileFinder
  File "<frozen importlib._bootstrap_external>", line 1477, in __init__
PermissionError: [Errno 1] Operation not permitted
Python path configuration:
  PYTHONHOME = (not set)
  PYTHONPATH = 'src'
  program name = '/Applications/Xcode.app/Contents/Developer/usr/bin/python3'
  isolated = 0
  environment = 1
  user site = 1
  import site = 1
  sys._base_executable = '/Applications/Xcode.app/Contents/Developer/usr/bin/python3'
  sys.base_prefix = '/Applications/Xcode.app/Contents/Developer/Library/Frameworks/Python3.framework/Versions/3.9'
  sys.base_exec_prefix = '/Applications/Xcode.app/Contents/Developer/Library/Frameworks/Python3.framework/Versions/3.9'
  sys.platlibdir = 'lib'
  sys.executable = '/Applications/Xcode.app/Contents/Developer/usr/bin/python3'
  sys.prefix = '/Applications/Xcode.app/Contents/Developer/Library/Frameworks/Python3.framework/Versions/3.9'
  sys.exec_prefix = '/Applications/Xcode.app/Contents/Developer/Library/Frameworks/Python3.framework/Versions/3.9'
  sys.path = [
    'src',
    '/Applications/Xcode.app/Contents/Developer/Library/Frameworks/Python3.framework/Versions/3.9/lib/python39.zip',
    '/Applications/Xcode.app/Contents/Developer/Library/Frameworks/Python3.framework/Versions/3.9/lib/python3.9',
    '/Applications/Xcode.app/Contents/Developer/Library/Frameworks/Python3.framework/Versions/3.9/lib/python3.9/lib-dynload',
  ]
Fatal Python error: init_fs_encoding: failed to get the Python codec of the filesystem encoding
Python runtime state: core initialized
Traceback (most recent call last):
  File "<frozen importlib._bootstrap_external>", line 1353, in _path_importer_cache
KeyError: 'src'

During handling of the above exception, another exception occurred:

Traceback (most recent call last):
  File "<frozen importlib._bootstrap>", line 1007, in _find_and_load
  File "<frozen importlib._bootstrap>", line 982, in _find_and_load_unlocked
  File "<frozen importlib._bootstrap>", line 925, in _find_spec
  File "<frozen importlib._bootstrap_external>", line 1414, in find_spec
  File "<frozen importlib._bootstrap_external>", line 1383, in _get_spec
  File "<frozen importlib._bootstrap_external>", line 1355, in _path_importer_cache
  File "<frozen importlib._bootstrap_external>", line 1331, in _path_hooks
  File "<frozen importlib._bootstrap_external>", line 1601, in path_hook_for_FileFinder
  File "<frozen importlib._bootstrap_external>", line 1477, in __init__
PermissionError: [Errno 1] Operation not permitted
Python path configuration:
  PYTHONHOME = (not set)
  PYTHONPATH = 'src'
  program name = '/Applications/Xcode.app/Contents/Developer/usr/bin/python3'
  isolated = 0
  environment = 1
  user site = 1
  import site = 1
  sys._base_executable = '/Applications/Xcode.app/Contents/Developer/usr/bin/python3'
  sys.base_prefix = '/Applications/Xcode.app/Contents/Developer/Library/Frameworks/Python3.framework/Versions/3.9'
  sys.base_exec_prefix = '/Applications/Xcode.app/Contents/Developer/Library/Frameworks/Python3.framework/Versions/3.9'
  sys.platlibdir = 'lib'
  sys.executable = '/Applications/Xcode.app/Contents/Developer/usr/bin/python3'
  sys.prefix = '/Applications/Xcode.app/Contents/Developer/Library/Frameworks/Python3.framework/Versions/3.9'
  sys.exec_prefix = '/Applications/Xcode.app/Contents/Developer/Library/Frameworks/Python3.framework/Versions/3.9'
  sys.path = [
    'src',
    '/Applications/Xcode.app/Contents/Developer/Library/Frameworks/Python3.framework/Versions/3.9/lib/python39.zip',
    '/Applications/Xcode.app/Contents/Developer/Library/Frameworks/Python3.framework/Versions/3.9/lib/python3.9',
    '/Applications/Xcode.app/Contents/Developer/Library/Frameworks/Python3.framework/Versions/3.9/lib/python3.9/lib-dynload',
  ]
Fatal Python error: init_fs_encoding: failed to get the Python codec of the filesystem encoding
Python runtime state: core initialized
Traceback (most recent call last):
  File "<frozen importlib._bootstrap_external>", line 1353, in _path_importer_cache
KeyError: 'src'

During handling of the above exception, another exception occurred:

Traceback (most recent call last):
  File "<frozen importlib._bootstrap>", line 1007, in _find_and_load
  File "<frozen importlib._bootstrap>", line 982, in _find_and_load_unlocked
  File "<frozen importlib._bootstrap>", line 925, in _find_spec
  File "<frozen importlib._bootstrap_external>", line 1414, in find_spec
  File "<frozen importlib._bootstrap_external>", line 1383, in _get_spec
  File "<frozen importlib._bootstrap_external>", line 1355, in _path_importer_cache
  File "<frozen importlib._bootstrap_external>", line 1331, in _path_hooks
  File "<frozen importlib._bootstrap_external>", line 1601, in path_hook_for_FileFinder
  File "<frozen importlib._bootstrap_external>", line 1477, in __init__
PermissionError: [Errno 1] Operation not permitted
Python path configuration:
  PYTHONHOME = (not set)
  PYTHONPATH = 'src'
  program name = '/Applications/Xcode.app/Contents/Developer/usr/bin/python3'
  isolated = 0
  environment = 1
  user site = 1
  import site = 1
  sys._base_executable = '/Applications/Xcode.app/Contents/Developer/usr/bin/python3'
  sys.base_prefix = '/Applications/Xcode.app/Contents/Developer/Library/Frameworks/Python3.framework/Versions/3.9'
  sys.base_exec_prefix = '/Applications/Xcode.app/Contents/Developer/Library/Frameworks/Python3.framework/Versions/3.9'
  sys.platlibdir = 'lib'
  sys.executable = '/Applications/Xcode.app/Contents/Developer/usr/bin/python3'
  sys.prefix = '/Applications/Xcode.app/Contents/Developer/Library/Frameworks/Python3.framework/Versions/3.9'
  sys.exec_prefix = '/Applications/Xcode.app/Contents/Developer/Library/Frameworks/Python3.framework/Versions/3.9'
  sys.path = [
    'src',
    '/Applications/Xcode.app/Contents/Developer/Library/Frameworks/Python3.framework/Versions/3.9/lib/python39.zip',
    '/Applications/Xcode.app/Contents/Developer/Library/Frameworks/Python3.framework/Versions/3.9/lib/python3.9',
    '/Applications/Xcode.app/Contents/Developer/Library/Frameworks/Python3.framework/Versions/3.9/lib/python3.9/lib-dynload',
  ]
Fatal Python error: init_fs_encoding: failed to get the Python codec of the filesystem encoding
Python runtime state: core initialized
Traceback (most recent call last):
  File "<frozen importlib._bootstrap_external>", line 1353, in _path_importer_cache
KeyError: 'src'

During handling of the above exception, another exception occurred:

Traceback (most recent call last):
  File "<frozen importlib._bootstrap>", line 1007, in _find_and_load
  File "<frozen importlib._bootstrap>", line 982, in _find_and_load_unlocked
  File "<frozen importlib._bootstrap>", line 925, in _find_spec
  File "<frozen importlib._bootstrap_external>", line 1414, in find_spec
  File "<frozen importlib._bootstrap_external>", line 1383, in _get_spec
  File "<frozen importlib._bootstrap_external>", line 1355, in _path_importer_cache
  File "<frozen importlib._bootstrap_external>", line 1331, in _path_hooks
  File "<frozen importlib._bootstrap_external>", line 1601, in path_hook_for_FileFinder
  File "<frozen importlib._bootstrap_external>", line 1477, in __init__
PermissionError: [Errno 1] Operation not permitted
Python path configuration:
  PYTHONHOME = (not set)
  PYTHONPATH = 'src'
  program name = '/Applications/Xcode.app/Contents/Developer/usr/bin/python3'
  isolated = 0
  environment = 1
  user site = 1
  import site = 1
  sys._base_executable = '/Applications/Xcode.app/Contents/Developer/usr/bin/python3'
  sys.base_prefix = '/Applications/Xcode.app/Contents/Developer/Library/Frameworks/Python3.framework/Versions/3.9'
  sys.base_exec_prefix = '/Applications/Xcode.app/Contents/Developer/Library/Frameworks/Python3.framework/Versions/3.9'
  sys.platlibdir = 'lib'
  sys.executable = '/Applications/Xcode.app/Contents/Developer/usr/bin/python3'
  sys.prefix = '/Applications/Xcode.app/Contents/Developer/Library/Frameworks/Python3.framework/Versions/3.9'
  sys.exec_prefix = '/Applications/Xcode.app/Contents/Developer/Library/Frameworks/Python3.framework/Versions/3.9'
  sys.path = [
    'src',
    '/Applications/Xcode.app/Contents/Developer/Library/Frameworks/Python3.framework/Versions/3.9/lib/python39.zip',
    '/Applications/Xcode.app/Contents/Developer/Library/Frameworks/Python3.framework/Versions/3.9/lib/python3.9',
    '/Applications/Xcode.app/Contents/Developer/Library/Frameworks/Python3.framework/Versions/3.9/lib/python3.9/lib-dynload',
  ]
Fatal Python error: init_fs_encoding: failed to get the Python codec of the filesystem encoding
Python runtime state: core initialized
Traceback (most recent call last):
  File "<frozen importlib._bootstrap_external>", line 1353, in _path_importer_cache
KeyError: 'src'

During handling of the above exception, another exception occurred:

Traceback (most recent call last):
  File "<frozen importlib._bootstrap>", line 1007, in _find_and_load
  File "<frozen importlib._bootstrap>", line 982, in _find_and_load_unlocked
  File "<frozen importlib._bootstrap>", line 925, in _find_spec
  File "<frozen importlib._bootstrap_external>", line 1414, in find_spec
  File "<frozen importlib._bootstrap_external>", line 1383, in _get_spec
  File "<frozen importlib._bootstrap_external>", line 1355, in _path_importer_cache
  File "<frozen importlib._bootstrap_external>", line 1331, in _path_hooks
  File "<frozen importlib._bootstrap_external>", line 1601, in path_hook_for_FileFinder
  File "<frozen importlib._bootstrap_external>", line 1477, in __init__
PermissionError: [Errno 1] Operation not permitted
Python path configuration:
  PYTHONHOME = (not set)
  PYTHONPATH = 'src'
  program name = '/Applications/Xcode.app/Contents/Developer/usr/bin/python3'
  isolated = 0
  environment = 1
  user site = 1
  import site = 1
  sys._base_executable = '/Applications/Xcode.app/Contents/Developer/usr/bin/python3'
  sys.base_prefix = '/Applications/Xcode.app/Contents/Developer/Library/Frameworks/Python3.framework/Versions/3.9'
  sys.base_exec_prefix = '/Applications/Xcode.app/Contents/Developer/Library/Frameworks/Python3.framework/Versions/3.9'
  sys.platlibdir = 'lib'
  sys.executable = '/Applications/Xcode.app/Contents/Developer/usr/bin/python3'
  sys.prefix = '/Applications/Xcode.app/Contents/Developer/Library/Frameworks/Python3.framework/Versions/3.9'
  sys.exec_prefix = '/Applications/Xcode.app/Contents/Developer/Library/Frameworks/Python3.framework/Versions/3.9'
  sys.path = [
    'src',
    '/Applications/Xcode.app/Contents/Developer/Library/Frameworks/Python3.framework/Versions/3.9/lib/python39.zip',
    '/Applications/Xcode.app/Contents/Developer/Library/Frameworks/Python3.framework/Versions/3.9/lib/python3.9',
    '/Applications/Xcode.app/Contents/Developer/Library/Frameworks/Python3.framework/Versions/3.9/lib/python3.9/lib-dynload',
  ]
Fatal Python error: init_fs_encoding: failed to get the Python codec of the filesystem encoding
Python runtime state: core initialized
Traceback (most recent call last):
  File "<frozen importlib._bootstrap_external>", line 1353, in _path_importer_cache
KeyError: 'src'

During handling of the above exception, another exception occurred:

Traceback (most recent call last):
  File "<frozen importlib._bootstrap>", line 1007, in _find_and_load
  File "<frozen importlib._bootstrap>", line 982, in _find_and_load_unlocked
  File "<frozen importlib._bootstrap>", line 925, in _find_spec
  File "<frozen importlib._bootstrap_external>", line 1414, in find_spec
  File "<frozen importlib._bootstrap_external>", line 1383, in _get_spec
  File "<frozen importlib._bootstrap_external>", line 1355, in _path_importer_cache
  File "<frozen importlib._bootstrap_external>", line 1331, in _path_hooks
  File "<frozen importlib._bootstrap_external>", line 1601, in path_hook_for_FileFinder
  File "<frozen importlib._bootstrap_external>", line 1477, in __init__
PermissionError: [Errno 1] Operation not permitted
Python path configuration:
  PYTHONHOME = (not set)
  PYTHONPATH = 'src'
  program name = '/Applications/Xcode.app/Contents/Developer/usr/bin/python3'
  isolated = 0
  environment = 1
  user site = 1
  import site = 1
  sys._base_executable = '/Applications/Xcode.app/Contents/Developer/usr/bin/python3'
  sys.base_prefix = '/Applications/Xcode.app/Contents/Developer/Library/Frameworks/Python3.framework/Versions/3.9'
  sys.base_exec_prefix = '/Applications/Xcode.app/Contents/Developer/Library/Frameworks/Python3.framework/Versions/3.9'
  sys.platlibdir = 'lib'
  sys.executable = '/Applications/Xcode.app/Contents/Developer/usr/bin/python3'
  sys.prefix = '/Applications/Xcode.app/Contents/Developer/Library/Frameworks/Python3.framework/Versions/3.9'
  sys.exec_prefix = '/Applications/Xcode.app/Contents/Developer/Library/Frameworks/Python3.framework/Versions/3.9'
  sys.path = [
    'src',
    '/Applications/Xcode.app/Contents/Developer/Library/Frameworks/Python3.framework/Versions/3.9/lib/python39.zip',
    '/Applications/Xcode.app/Contents/Developer/Library/Frameworks/Python3.framework/Versions/3.9/lib/python3.9',
    '/Applications/Xcode.app/Contents/Developer/Library/Frameworks/Python3.framework/Versions/3.9/lib/python3.9/lib-dynload',
  ]
Fatal Python error: init_fs_encoding: failed to get the Python codec of the filesystem encoding
Python runtime state: core initialized
Traceback (most recent call last):
  File "<frozen importlib._bootstrap_external>", line 1353, in _path_importer_cache
KeyError: 'src'

During handling of the above exception, another exception occurred:

Traceback (most recent call last):
  File "<frozen importlib._bootstrap>", line 1007, in _find_and_load
  File "<frozen importlib._bootstrap>", line 982, in _find_and_load_unlocked
  File "<frozen importlib._bootstrap>", line 925, in _find_spec
  File "<frozen importlib._bootstrap_external>", line 1414, in find_spec
  File "<frozen importlib._bootstrap_external>", line 1383, in _get_spec
  File "<frozen importlib._bootstrap_external>", line 1355, in _path_importer_cache
  File "<frozen importlib._bootstrap_external>", line 1331, in _path_hooks
  File "<frozen importlib._bootstrap_external>", line 1601, in path_hook_for_FileFinder
  File "<frozen importlib._bootstrap_external>", line 1477, in __init__
PermissionError: [Errno 1] Operation not permitted
Python path configuration:
  PYTHONHOME = (not set)
  PYTHONPATH = 'src'
  program name = '/Applications/Xcode.app/Contents/Developer/usr/bin/python3'
  isolated = 0
  environment = 1
  user site = 1
  import site = 1
  sys._base_executable = '/Applications/Xcode.app/Contents/Developer/usr/bin/python3'
  sys.base_prefix = '/Applications/Xcode.app/Contents/Developer/Library/Frameworks/Python3.framework/Versions/3.9'
  sys.base_exec_prefix = '/Applications/Xcode.app/Contents/Developer/Library/Frameworks/Python3.framework/Versions/3.9'
  sys.platlibdir = 'lib'
  sys.executable = '/Applications/Xcode.app/Contents/Developer/usr/bin/python3'
  sys.prefix = '/Applications/Xcode.app/Contents/Developer/Library/Frameworks/Python3.framework/Versions/3.9'
  sys.exec_prefix = '/Applications/Xcode.app/Contents/Developer/Library/Frameworks/Python3.framework/Versions/3.9'
  sys.path = [
    'src',
    '/Applications/Xcode.app/Contents/Developer/Library/Frameworks/Python3.framework/Versions/3.9/lib/python39.zip',
    '/Applications/Xcode.app/Contents/Developer/Library/Frameworks/Python3.framework/Versions/3.9/lib/python3.9',
    '/Applications/Xcode.app/Contents/Developer/Library/Frameworks/Python3.framework/Versions/3.9/lib/python3.9/lib-dynload',
  ]
Fatal Python error: init_fs_encoding: failed to get the Python codec of the filesystem encoding
Python runtime state: core initialized
Traceback (most recent call last):
  File "<frozen importlib._bootstrap_external>", line 1353, in _path_importer_cache
KeyError: 'src'

During handling of the above exception, another exception occurred:

Traceback (most recent call last):
  File "<frozen importlib._bootstrap>", line 1007, in _find_and_load
  File "<frozen importlib._bootstrap>", line 982, in _find_and_load_unlocked
  File "<frozen importlib._bootstrap>", line 925, in _find_spec
  File "<frozen importlib._bootstrap_external>", line 1414, in find_spec
  File "<frozen importlib._bootstrap_external>", line 1383, in _get_spec
  File "<frozen importlib._bootstrap_external>", line 1355, in _path_importer_cache
  File "<frozen importlib._bootstrap_external>", line 1331, in _path_hooks
  File "<frozen importlib._bootstrap_external>", line 1601, in path_hook_for_FileFinder
  File "<frozen importlib._bootstrap_external>", line 1477, in __init__
PermissionError: [Errno 1] Operation not permitted
Python path configuration:
  PYTHONHOME = (not set)
  PYTHONPATH = 'src'
  program name = '/Applications/Xcode.app/Contents/Developer/usr/bin/python3'
  isolated = 0
  environment = 1
  user site = 1
  import site = 1
  sys._base_executable = '/Applications/Xcode.app/Contents/Developer/usr/bin/python3'
  sys.base_prefix = '/Applications/Xcode.app/Contents/Developer/Library/Frameworks/Python3.framework/Versions/3.9'
  sys.base_exec_prefix = '/Applications/Xcode.app/Contents/Developer/Library/Frameworks/Python3.framework/Versions/3.9'
  sys.platlibdir = 'lib'
  sys.executable = '/Applications/Xcode.app/Contents/Developer/usr/bin/python3'
  sys.prefix = '/Applications/Xcode.app/Contents/Developer/Library/Frameworks/Python3.framework/Versions/3.9'
  sys.exec_prefix = '/Applications/Xcode.app/Contents/Developer/Library/Frameworks/Python3.framework/Versions/3.9'
  sys.path = [
    'src',
    '/Applications/Xcode.app/Contents/Developer/Library/Frameworks/Python3.framework/Versions/3.9/lib/python39.zip',
    '/Applications/Xcode.app/Contents/Developer/Library/Frameworks/Python3.framework/Versions/3.9/lib/python3.9',
    '/Applications/Xcode.app/Contents/Developer/Library/Frameworks/Python3.framework/Versions/3.9/lib/python3.9/lib-dynload',
  ]
Fatal Python error: init_fs_encoding: failed to get the Python codec of the filesystem encoding
Python runtime state: core initialized
Traceback (most recent call last):
  File "<frozen importlib._bootstrap_external>", line 1353, in _path_importer_cache
KeyError: 'src'

During handling of the above exception, another exception occurred:

Traceback (most recent call last):
  File "<frozen importlib._bootstrap>", line 1007, in _find_and_load
  File "<frozen importlib._bootstrap>", line 982, in _find_and_load_unlocked
  File "<frozen importlib._bootstrap>", line 925, in _find_spec
  File "<frozen importlib._bootstrap_external>", line 1414, in find_spec
  File "<frozen importlib._bootstrap_external>", line 1383, in _get_spec
  File "<frozen importlib._bootstrap_external>", line 1355, in _path_importer_cache
  File "<frozen importlib._bootstrap_external>", line 1331, in _path_hooks
  File "<frozen importlib._bootstrap_external>", line 1601, in path_hook_for_FileFinder
  File "<frozen importlib._bootstrap_external>", line 1477, in __init__
PermissionError: [Errno 1] Operation not permitted
Python path configuration:
  PYTHONHOME = (not set)
  PYTHONPATH = 'src'
  program name = '/Applications/Xcode.app/Contents/Developer/usr/bin/python3'
  isolated = 0
  environment = 1
  user site = 1
  import site = 1
  sys._base_executable = '/Applications/Xcode.app/Contents/Developer/usr/bin/python3'
  sys.base_prefix = '/Applications/Xcode.app/Contents/Developer/Library/Frameworks/Python3.framework/Versions/3.9'
  sys.base_exec_prefix = '/Applications/Xcode.app/Contents/Developer/Library/Frameworks/Python3.framework/Versions/3.9'
  sys.platlibdir = 'lib'
  sys.executable = '/Applications/Xcode.app/Contents/Developer/usr/bin/python3'
  sys.prefix = '/Applications/Xcode.app/Contents/Developer/Library/Frameworks/Python3.framework/Versions/3.9'
  sys.exec_prefix = '/Applications/Xcode.app/Contents/Developer/Library/Frameworks/Python3.framework/Versions/3.9'
  sys.path = [
    'src',
    '/Applications/Xcode.app/Contents/Developer/Library/Frameworks/Python3.framework/Versions/3.9/lib/python39.zip',
    '/Applications/Xcode.app/Contents/Developer/Library/Frameworks/Python3.framework/Versions/3.9/lib/python3.9',
    '/Applications/Xcode.app/Contents/Developer/Library/Frameworks/Python3.framework/Versions/3.9/lib/python3.9/lib-dynload',
  ]
Fatal Python error: init_fs_encoding: failed to get the Python codec of the filesystem encoding
Python runtime state: core initialized
Traceback (most recent call last):
  File "<frozen importlib._bootstrap_external>", line 1353, in _path_importer_cache
KeyError: 'src'

During handling of the above exception, another exception occurred:

Traceback (most recent call last):
  File "<frozen importlib._bootstrap>", line 1007, in _find_and_load
  File "<frozen importlib._bootstrap>", line 982, in _find_and_load_unlocked
  File "<frozen importlib._bootstrap>", line 925, in _find_spec
  File "<frozen importlib._bootstrap_external>", line 1414, in find_spec
  File "<frozen importlib._bootstrap_external>", line 1383, in _get_spec
  File "<frozen importlib._bootstrap_external>", line 1355, in _path_importer_cache
  File "<frozen importlib._bootstrap_external>", line 1331, in _path_hooks
  File "<frozen importlib._bootstrap_external>", line 1601, in path_hook_for_FileFinder
  File "<frozen importlib._bootstrap_external>", line 1477, in __init__
PermissionError: [Errno 1] Operation not permitted
Python path configuration:
  PYTHONHOME = (not set)
  PYTHONPATH = 'src'
  program name = '/Applications/Xcode.app/Contents/Developer/usr/bin/python3'
  isolated = 0
  environment = 1
  user site = 1
  import site = 1
  sys._base_executable = '/Applications/Xcode.app/Contents/Developer/usr/bin/python3'
  sys.base_prefix = '/Applications/Xcode.app/Contents/Developer/Library/Frameworks/Python3.framework/Versions/3.9'
  sys.base_exec_prefix = '/Applications/Xcode.app/Contents/Developer/Library/Frameworks/Python3.framework/Versions/3.9'
  sys.platlibdir = 'lib'
  sys.executable = '/Applications/Xcode.app/Contents/Developer/usr/bin/python3'
  sys.prefix = '/Applications/Xcode.app/Contents/Developer/Library/Frameworks/Python3.framework/Versions/3.9'
  sys.exec_prefix = '/Applications/Xcode.app/Contents/Developer/Library/Frameworks/Python3.framework/Versions/3.9'
  sys.path = [
    'src',
    '/Applications/Xcode.app/Contents/Developer/Library/Frameworks/Python3.framework/Versions/3.9/lib/python39.zip',
    '/Applications/Xcode.app/Contents/Developer/Library/Frameworks/Python3.framework/Versions/3.9/lib/python3.9',
    '/Applications/Xcode.app/Contents/Developer/Library/Frameworks/Python3.framework/Versions/3.9/lib/python3.9/lib-dynload',
  ]
Fatal Python error: init_fs_encoding: failed to get the Python codec of the filesystem encoding
Python runtime state: core initialized
Traceback (most recent call last):
  File "<frozen importlib._bootstrap_external>", line 1353, in _path_importer_cache
KeyError: 'src'

During handling of the above exception, another exception occurred:

Traceback (most recent call last):
  File "<frozen importlib._bootstrap>", line 1007, in _find_and_load
  File "<frozen importlib._bootstrap>", line 982, in _find_and_load_unlocked
  File "<frozen importlib._bootstrap>", line 925, in _find_spec
  File "<frozen importlib._bootstrap_external>", line 1414, in find_spec
  File "<frozen importlib._bootstrap_external>", line 1383, in _get_spec
  File "<frozen importlib._bootstrap_external>", line 1355, in _path_importer_cache
  File "<frozen importlib._bootstrap_external>", line 1331, in _path_hooks
  File "<frozen importlib._bootstrap_external>", line 1601, in path_hook_for_FileFinder
  File "<frozen importlib._bootstrap_external>", line 1477, in __init__
PermissionError: [Errno 1] Operation not permitted
Python path configuration:
  PYTHONHOME = (not set)
  PYTHONPATH = 'src'
  program name = '/Applications/Xcode.app/Contents/Developer/usr/bin/python3'
  isolated = 0
  environment = 1
  user site = 1
  import site = 1
  sys._base_executable = '/Applications/Xcode.app/Contents/Developer/usr/bin/python3'
  sys.base_prefix = '/Applications/Xcode.app/Contents/Developer/Library/Frameworks/Python3.framework/Versions/3.9'
  sys.base_exec_prefix = '/Applications/Xcode.app/Contents/Developer/Library/Frameworks/Python3.framework/Versions/3.9'
  sys.platlibdir = 'lib'
  sys.executable = '/Applications/Xcode.app/Contents/Developer/usr/bin/python3'
  sys.prefix = '/Applications/Xcode.app/Contents/Developer/Library/Frameworks/Python3.framework/Versions/3.9'
  sys.exec_prefix = '/Applications/Xcode.app/Contents/Developer/Library/Frameworks/Python3.framework/Versions/3.9'
  sys.path = [
    'src',
    '/Applications/Xcode.app/Contents/Developer/Library/Frameworks/Python3.framework/Versions/3.9/lib/python39.zip',
    '/Applications/Xcode.app/Contents/Developer/Library/Frameworks/Python3.framework/Versions/3.9/lib/python3.9',
    '/Applications/Xcode.app/Contents/Developer/Library/Frameworks/Python3.framework/Versions/3.9/lib/python3.9/lib-dynload',
  ]
Fatal Python error: init_fs_encoding: failed to get the Python codec of the filesystem encoding
Python runtime state: core initialized
Traceback (most recent call last):
  File "<frozen importlib._bootstrap_external>", line 1353, in _path_importer_cache
KeyError: 'src'

During handling of the above exception, another exception occurred:

Traceback (most recent call last):
  File "<frozen importlib._bootstrap>", line 1007, in _find_and_load
  File "<frozen importlib._bootstrap>", line 982, in _find_and_load_unlocked
  File "<frozen importlib._bootstrap>", line 925, in _find_spec
  File "<frozen importlib._bootstrap_external>", line 1414, in find_spec
  File "<frozen importlib._bootstrap_external>", line 1383, in _get_spec
  File "<frozen importlib._bootstrap_external>", line 1355, in _path_importer_cache
  File "<frozen importlib._bootstrap_external>", line 1331, in _path_hooks
  File "<frozen importlib._bootstrap_external>", line 1601, in path_hook_for_FileFinder
  File "<frozen importlib._bootstrap_external>", line 1477, in __init__
PermissionError: [Errno 1] Operation not permitted
Python path configuration:
  PYTHONHOME = (not set)
  PYTHONPATH = 'src'
  program name = '/Applications/Xcode.app/Contents/Developer/usr/bin/python3'
  isolated = 0
  environment = 1
  user site = 1
  import site = 1
  sys._base_executable = '/Applications/Xcode.app/Contents/Developer/usr/bin/python3'
  sys.base_prefix = '/Applications/Xcode.app/Contents/Developer/Library/Frameworks/Python3.framework/Versions/3.9'
  sys.base_exec_prefix = '/Applications/Xcode.app/Contents/Developer/Library/Frameworks/Python3.framework/Versions/3.9'
  sys.platlibdir = 'lib'
  sys.executable = '/Applications/Xcode.app/Contents/Developer/usr/bin/python3'
  sys.prefix = '/Applications/Xcode.app/Contents/Developer/Library/Frameworks/Python3.framework/Versions/3.9'
  sys.exec_prefix = '/Applications/Xcode.app/Contents/Developer/Library/Frameworks/Python3.framework/Versions/3.9'
  sys.path = [
    'src',
    '/Applications/Xcode.app/Contents/Developer/Library/Frameworks/Python3.framework/Versions/3.9/lib/python39.zip',
    '/Applications/Xcode.app/Contents/Developer/Library/Frameworks/Python3.framework/Versions/3.9/lib/python3.9',
    '/Applications/Xcode.app/Contents/Developer/Library/Frameworks/Python3.framework/Versions/3.9/lib/python3.9/lib-dynload',
  ]
Fatal Python error: init_fs_encoding: failed to get the Python codec of the filesystem encoding
Python runtime state: core initialized
Traceback (most recent call last):
  File "<frozen importlib._bootstrap_external>", line 1353, in _path_importer_cache
KeyError: 'src'

During handling of the above exception, another exception occurred:

Traceback (most recent call last):
  File "<frozen importlib._bootstrap>", line 1007, in _find_and_load
  File "<frozen importlib._bootstrap>", line 982, in _find_and_load_unlocked
  File "<frozen importlib._bootstrap>", line 925, in _find_spec
  File "<frozen importlib._bootstrap_external>", line 1414, in find_spec
  File "<frozen importlib._bootstrap_external>", line 1383, in _get_spec
  File "<frozen importlib._bootstrap_external>", line 1355, in _path_importer_cache
  File "<frozen importlib._bootstrap_external>", line 1331, in _path_hooks
  File "<frozen importlib._bootstrap_external>", line 1601, in path_hook_for_FileFinder
  File "<frozen importlib._bootstrap_external>", line 1477, in __init__
PermissionError: [Errno 1] Operation not permitted
Python path configuration:
  PYTHONHOME = (not set)
  PYTHONPATH = 'src'
  program name = '/Applications/Xcode.app/Contents/Developer/usr/bin/python3'
  isolated = 0
  environment = 1
  user site = 1
  import site = 1
  sys._base_executable = '/Applications/Xcode.app/Contents/Developer/usr/bin/python3'
  sys.base_prefix = '/Applications/Xcode.app/Contents/Developer/Library/Frameworks/Python3.framework/Versions/3.9'
  sys.base_exec_prefix = '/Applications/Xcode.app/Contents/Developer/Library/Frameworks/Python3.framework/Versions/3.9'
  sys.platlibdir = 'lib'
  sys.executable = '/Applications/Xcode.app/Contents/Developer/usr/bin/python3'
  sys.prefix = '/Applications/Xcode.app/Contents/Developer/Library/Frameworks/Python3.framework/Versions/3.9'
  sys.exec_prefix = '/Applications/Xcode.app/Contents/Developer/Library/Frameworks/Python3.framework/Versions/3.9'
  sys.path = [
    'src',
    '/Applications/Xcode.app/Contents/Developer/Library/Frameworks/Python3.framework/Versions/3.9/lib/python39.zip',
    '/Applications/Xcode.app/Contents/Developer/Library/Frameworks/Python3.framework/Versions/3.9/lib/python3.9',
    '/Applications/Xcode.app/Contents/Developer/Library/Frameworks/Python3.framework/Versions/3.9/lib/python3.9/lib-dynload',
  ]
Fatal Python error: init_fs_encoding: failed to get the Python codec of the filesystem encoding
Python runtime state: core initialized
Traceback (most recent call last):
  File "<frozen importlib._bootstrap_external>", line 1353, in _path_importer_cache
KeyError: 'src'

During handling of the above exception, another exception occurred:

Traceback (most recent call last):
  File "<frozen importlib._bootstrap>", line 1007, in _find_and_load
  File "<frozen importlib._bootstrap>", line 982, in _find_and_load_unlocked
  File "<frozen importlib._bootstrap>", line 925, in _find_spec
  File "<frozen importlib._bootstrap_external>", line 1414, in find_spec
  File "<frozen importlib._bootstrap_external>", line 1383, in _get_spec
  File "<frozen importlib._bootstrap_external>", line 1355, in _path_importer_cache
  File "<frozen importlib._bootstrap_external>", line 1331, in _path_hooks
  File "<frozen importlib._bootstrap_external>", line 1601, in path_hook_for_FileFinder
  File "<frozen importlib._bootstrap_external>", line 1477, in __init__
PermissionError: [Errno 1] Operation not permitted
Python path configuration:
  PYTHONHOME = (not set)
  PYTHONPATH = 'src'
  program name = '/Applications/Xcode.app/Contents/Developer/usr/bin/python3'
  isolated = 0
  environment = 1
  user site = 1
  import site = 1
  sys._base_executable = '/Applications/Xcode.app/Contents/Developer/usr/bin/python3'
  sys.base_prefix = '/Applications/Xcode.app/Contents/Developer/Library/Frameworks/Python3.framework/Versions/3.9'
  sys.base_exec_prefix = '/Applications/Xcode.app/Contents/Developer/Library/Frameworks/Python3.framework/Versions/3.9'
  sys.platlibdir = 'lib'
  sys.executable = '/Applications/Xcode.app/Contents/Developer/usr/bin/python3'
  sys.prefix = '/Applications/Xcode.app/Contents/Developer/Library/Frameworks/Python3.framework/Versions/3.9'
  sys.exec_prefix = '/Applications/Xcode.app/Contents/Developer/Library/Frameworks/Python3.framework/Versions/3.9'
  sys.path = [
    'src',
    '/Applications/Xcode.app/Contents/Developer/Library/Frameworks/Python3.framework/Versions/3.9/lib/python39.zip',
    '/Applications/Xcode.app/Contents/Developer/Library/Frameworks/Python3.framework/Versions/3.9/lib/python3.9',
    '/Applications/Xcode.app/Contents/Developer/Library/Frameworks/Python3.framework/Versions/3.9/lib/python3.9/lib-dynload',
  ]
Fatal Python error: init_fs_encoding: failed to get the Python codec of the filesystem encoding
Python runtime state: core initialized
Traceback (most recent call last):
  File "<frozen importlib._bootstrap_external>", line 1353, in _path_importer_cache
KeyError: 'src'

During handling of the above exception, another exception occurred:

Traceback (most recent call last):
  File "<frozen importlib._bootstrap>", line 1007, in _find_and_load
  File "<frozen importlib._bootstrap>", line 982, in _find_and_load_unlocked
  File "<frozen importlib._bootstrap>", line 925, in _find_spec
  File "<frozen importlib._bootstrap_external>", line 1414, in find_spec
  File "<frozen importlib._bootstrap_external>", line 1383, in _get_spec
  File "<frozen importlib._bootstrap_external>", line 1355, in _path_importer_cache
  File "<frozen importlib._bootstrap_external>", line 1331, in _path_hooks
  File "<frozen importlib._bootstrap_external>", line 1601, in path_hook_for_FileFinder
  File "<frozen importlib._bootstrap_external>", line 1477, in __init__
PermissionError: [Errno 1] Operation not permitted
Python path configuration:
  PYTHONHOME = (not set)
  PYTHONPATH = 'src'
  program name = '/Applications/Xcode.app/Contents/Developer/usr/bin/python3'
  isolated = 0
  environment = 1
  user site = 1
  import site = 1
  sys._base_executable = '/Applications/Xcode.app/Contents/Developer/usr/bin/python3'
  sys.base_prefix = '/Applications/Xcode.app/Contents/Developer/Library/Frameworks/Python3.framework/Versions/3.9'
  sys.base_exec_prefix = '/Applications/Xcode.app/Contents/Developer/Library/Frameworks/Python3.framework/Versions/3.9'
  sys.platlibdir = 'lib'
  sys.executable = '/Applications/Xcode.app/Contents/Developer/usr/bin/python3'
  sys.prefix = '/Applications/Xcode.app/Contents/Developer/Library/Frameworks/Python3.framework/Versions/3.9'
  sys.exec_prefix = '/Applications/Xcode.app/Contents/Developer/Library/Frameworks/Python3.framework/Versions/3.9'
  sys.path = [
    'src',
    '/Applications/Xcode.app/Contents/Developer/Library/Frameworks/Python3.framework/Versions/3.9/lib/python39.zip',
    '/Applications/Xcode.app/Contents/Developer/Library/Frameworks/Python3.framework/Versions/3.9/lib/python3.9',
    '/Applications/Xcode.app/Contents/Developer/Library/Frameworks/Python3.framework/Versions/3.9/lib/python3.9/lib-dynload',
  ]
Fatal Python error: init_fs_encoding: failed to get the Python codec of the filesystem encoding
Python runtime state: core initialized
Traceback (most recent call last):
  File "<frozen importlib._bootstrap_external>", line 1353, in _path_importer_cache
KeyError: 'src'

During handling of the above exception, another exception occurred:

Traceback (most recent call last):
  File "<frozen importlib._bootstrap>", line 1007, in _find_and_load
  File "<frozen importlib._bootstrap>", line 982, in _find_and_load_unlocked
  File "<frozen importlib._bootstrap>", line 925, in _find_spec
  File "<frozen importlib._bootstrap_external>", line 1414, in find_spec
  File "<frozen importlib._bootstrap_external>", line 1383, in _get_spec
  File "<frozen importlib._bootstrap_external>", line 1355, in _path_importer_cache
  File "<frozen importlib._bootstrap_external>", line 1331, in _path_hooks
  File "<frozen importlib._bootstrap_external>", line 1601, in path_hook_for_FileFinder
  File "<frozen importlib._bootstrap_external>", line 1477, in __init__
PermissionError: [Errno 1] Operation not permitted
Python path configuration:
  PYTHONHOME = (not set)
  PYTHONPATH = 'src'
  program name = '/Applications/Xcode.app/Contents/Developer/usr/bin/python3'
  isolated = 0
  environment = 1
  user site = 1
  import site = 1
  sys._base_executable = '/Applications/Xcode.app/Contents/Developer/usr/bin/python3'
  sys.base_prefix = '/Applications/Xcode.app/Contents/Developer/Library/Frameworks/Python3.framework/Versions/3.9'
  sys.base_exec_prefix = '/Applications/Xcode.app/Contents/Developer/Library/Frameworks/Python3.framework/Versions/3.9'
  sys.platlibdir = 'lib'
  sys.executable = '/Applications/Xcode.app/Contents/Developer/usr/bin/python3'
  sys.prefix = '/Applications/Xcode.app/Contents/Developer/Library/Frameworks/Python3.framework/Versions/3.9'
  sys.exec_prefix = '/Applications/Xcode.app/Contents/Developer/Library/Frameworks/Python3.framework/Versions/3.9'
  sys.path = [
    'src',
    '/Applications/Xcode.app/Contents/Developer/Library/Frameworks/Python3.framework/Versions/3.9/lib/python39.zip',
    '/Applications/Xcode.app/Contents/Developer/Library/Frameworks/Python3.framework/Versions/3.9/lib/python3.9',
    '/Applications/Xcode.app/Contents/Developer/Library/Frameworks/Python3.framework/Versions/3.9/lib/python3.9/lib-dynload',
  ]
Fatal Python error: init_fs_encoding: failed to get the Python codec of the filesystem encoding
Python runtime state: core initialized
Traceback (most recent call last):
  File "<frozen importlib._bootstrap_external>", line 1353, in _path_importer_cache
KeyError: 'src'

During handling of the above exception, another exception occurred:

Traceback (most recent call last):
  File "<frozen importlib._bootstrap>", line 1007, in _find_and_load
  File "<frozen importlib._bootstrap>", line 982, in _find_and_load_unlocked
  File "<frozen importlib._bootstrap>", line 925, in _find_spec
  File "<frozen importlib._bootstrap_external>", line 1414, in find_spec
  File "<frozen importlib._bootstrap_external>", line 1383, in _get_spec
  File "<frozen importlib._bootstrap_external>", line 1355, in _path_importer_cache
  File "<frozen importlib._bootstrap_external>", line 1331, in _path_hooks
  File "<frozen importlib._bootstrap_external>", line 1601, in path_hook_for_FileFinder
  File "<frozen importlib._bootstrap_external>", line 1477, in __init__
PermissionError: [Errno 1] Operation not permitted
Python path configuration:
  PYTHONHOME = (not set)
  PYTHONPATH = 'src'
  program name = '/Applications/Xcode.app/Contents/Developer/usr/bin/python3'
  isolated = 0
  environment = 1
  user site = 1
  import site = 1
  sys._base_executable = '/Applications/Xcode.app/Contents/Developer/usr/bin/python3'
  sys.base_prefix = '/Applications/Xcode.app/Contents/Developer/Library/Frameworks/Python3.framework/Versions/3.9'
  sys.base_exec_prefix = '/Applications/Xcode.app/Contents/Developer/Library/Frameworks/Python3.framework/Versions/3.9'
  sys.platlibdir = 'lib'
  sys.executable = '/Applications/Xcode.app/Contents/Developer/usr/bin/python3'
  sys.prefix = '/Applications/Xcode.app/Contents/Developer/Library/Frameworks/Python3.framework/Versions/3.9'
  sys.exec_prefix = '/Applications/Xcode.app/Contents/Developer/Library/Frameworks/Python3.framework/Versions/3.9'
  sys.path = [
    'src',
    '/Applications/Xcode.app/Contents/Developer/Library/Frameworks/Python3.framework/Versions/3.9/lib/python39.zip',
    '/Applications/Xcode.app/Contents/Developer/Library/Frameworks/Python3.framework/Versions/3.9/lib/python3.9',
    '/Applications/Xcode.app/Contents/Developer/Library/Frameworks/Python3.framework/Versions/3.9/lib/python3.9/lib-dynload',
  ]
Fatal Python error: init_fs_encoding: failed to get the Python codec of the filesystem encoding
Python runtime state: core initialized
Traceback (most recent call last):
  File "<frozen importlib._bootstrap_external>", line 1353, in _path_importer_cache
KeyError: 'src'

During handling of the above exception, another exception occurred:

Traceback (most recent call last):
  File "<frozen importlib._bootstrap>", line 1007, in _find_and_load
  File "<frozen importlib._bootstrap>", line 982, in _find_and_load_unlocked
  File "<frozen importlib._bootstrap>", line 925, in _find_spec
  File "<frozen importlib._bootstrap_external>", line 1414, in find_spec
  File "<frozen importlib._bootstrap_external>", line 1383, in _get_spec
  File "<frozen importlib._bootstrap_external>", line 1355, in _path_importer_cache
  File "<frozen importlib._bootstrap_external>", line 1331, in _path_hooks
  File "<frozen importlib._bootstrap_external>", line 1601, in path_hook_for_FileFinder
  File "<frozen importlib._bootstrap_external>", line 1477, in __init__
PermissionError: [Errno 1] Operation not permitted
Python path configuration:
  PYTHONHOME = (not set)
  PYTHONPATH = 'src'
  program name = '/Applications/Xcode.app/Contents/Developer/usr/bin/python3'
  isolated = 0
  environment = 1
  user site = 1
  import site = 1
  sys._base_executable = '/Applications/Xcode.app/Contents/Developer/usr/bin/python3'
  sys.base_prefix = '/Applications/Xcode.app/Contents/Developer/Library/Frameworks/Python3.framework/Versions/3.9'
  sys.base_exec_prefix = '/Applications/Xcode.app/Contents/Developer/Library/Frameworks/Python3.framework/Versions/3.9'
  sys.platlibdir = 'lib'
  sys.executable = '/Applications/Xcode.app/Contents/Developer/usr/bin/python3'
  sys.prefix = '/Applications/Xcode.app/Contents/Developer/Library/Frameworks/Python3.framework/Versions/3.9'
  sys.exec_prefix = '/Applications/Xcode.app/Contents/Developer/Library/Frameworks/Python3.framework/Versions/3.9'
  sys.path = [
    'src',
    '/Applications/Xcode.app/Contents/Developer/Library/Frameworks/Python3.framework/Versions/3.9/lib/python39.zip',
    '/Applications/Xcode.app/Contents/Developer/Library/Frameworks/Python3.framework/Versions/3.9/lib/python3.9',
    '/Applications/Xcode.app/Contents/Developer/Library/Frameworks/Python3.framework/Versions/3.9/lib/python3.9/lib-dynload',
  ]
Fatal Python error: init_fs_encoding: failed to get the Python codec of the filesystem encoding
Python runtime state: core initialized
Traceback (most recent call last):
  File "<frozen importlib._bootstrap_external>", line 1353, in _path_importer_cache
KeyError: 'src'

During handling of the above exception, another exception occurred:

Traceback (most recent call last):
  File "<frozen importlib._bootstrap>", line 1007, in _find_and_load
  File "<frozen importlib._bootstrap>", line 982, in _find_and_load_unlocked
  File "<frozen importlib._bootstrap>", line 925, in _find_spec
  File "<frozen importlib._bootstrap_external>", line 1414, in find_spec
  File "<frozen importlib._bootstrap_external>", line 1383, in _get_spec
  File "<frozen importlib._bootstrap_external>", line 1355, in _path_importer_cache
  File "<frozen importlib._bootstrap_external>", line 1331, in _path_hooks
  File "<frozen importlib._bootstrap_external>", line 1601, in path_hook_for_FileFinder
  File "<frozen importlib._bootstrap_external>", line 1477, in __init__
PermissionError: [Errno 1] Operation not permitted
Python path configuration:
  PYTHONHOME = (not set)
  PYTHONPATH = 'src'
  program name = '/Applications/Xcode.app/Contents/Developer/usr/bin/python3'
  isolated = 0
  environment = 1
  user site = 1
  import site = 1
  sys._base_executable = '/Applications/Xcode.app/Contents/Developer/usr/bin/python3'
  sys.base_prefix = '/Applications/Xcode.app/Contents/Developer/Library/Frameworks/Python3.framework/Versions/3.9'
  sys.base_exec_prefix = '/Applications/Xcode.app/Contents/Developer/Library/Frameworks/Python3.framework/Versions/3.9'
  sys.platlibdir = 'lib'
  sys.executable = '/Applications/Xcode.app/Contents/Developer/usr/bin/python3'
  sys.prefix = '/Applications/Xcode.app/Contents/Developer/Library/Frameworks/Python3.framework/Versions/3.9'
  sys.exec_prefix = '/Applications/Xcode.app/Contents/Developer/Library/Frameworks/Python3.framework/Versions/3.9'
  sys.path = [
    'src',
    '/Applications/Xcode.app/Contents/Developer/Library/Frameworks/Python3.framework/Versions/3.9/lib/python39.zip',
    '/Applications/Xcode.app/Contents/Developer/Library/Frameworks/Python3.framework/Versions/3.9/lib/python3.9',
    '/Applications/Xcode.app/Contents/Developer/Library/Frameworks/Python3.framework/Versions/3.9/lib/python3.9/lib-dynload',
  ]
Fatal Python error: init_fs_encoding: failed to get the Python codec of the filesystem encoding
Python runtime state: core initialized
Traceback (most recent call last):
  File "<frozen importlib._bootstrap_external>", line 1353, in _path_importer_cache
KeyError: 'src'

During handling of the above exception, another exception occurred:

Traceback (most recent call last):
  File "<frozen importlib._bootstrap>", line 1007, in _find_and_load
  File "<frozen importlib._bootstrap>", line 982, in _find_and_load_unlocked
  File "<frozen importlib._bootstrap>", line 925, in _find_spec
  File "<frozen importlib._bootstrap_external>", line 1414, in find_spec
  File "<frozen importlib._bootstrap_external>", line 1383, in _get_spec
  File "<frozen importlib._bootstrap_external>", line 1355, in _path_importer_cache
  File "<frozen importlib._bootstrap_external>", line 1331, in _path_hooks
  File "<frozen importlib._bootstrap_external>", line 1601, in path_hook_for_FileFinder
  File "<frozen importlib._bootstrap_external>", line 1477, in __init__
PermissionError: [Errno 1] Operation not permitted
Python path configuration:
  PYTHONHOME = (not set)
  PYTHONPATH = 'src'
  program name = '/Applications/Xcode.app/Contents/Developer/usr/bin/python3'
  isolated = 0
  environment = 1
  user site = 1
  import site = 1
  sys._base_executable = '/Applications/Xcode.app/Contents/Developer/usr/bin/python3'
  sys.base_prefix = '/Applications/Xcode.app/Contents/Developer/Library/Frameworks/Python3.framework/Versions/3.9'
  sys.base_exec_prefix = '/Applications/Xcode.app/Contents/Developer/Library/Frameworks/Python3.framework/Versions/3.9'
  sys.platlibdir = 'lib'
  sys.executable = '/Applications/Xcode.app/Contents/Developer/usr/bin/python3'
  sys.prefix = '/Applications/Xcode.app/Contents/Developer/Library/Frameworks/Python3.framework/Versions/3.9'
  sys.exec_prefix = '/Applications/Xcode.app/Contents/Developer/Library/Frameworks/Python3.framework/Versions/3.9'
  sys.path = [
    'src',
    '/Applications/Xcode.app/Contents/Developer/Library/Frameworks/Python3.framework/Versions/3.9/lib/python39.zip',
    '/Applications/Xcode.app/Contents/Developer/Library/Frameworks/Python3.framework/Versions/3.9/lib/python3.9',
    '/Applications/Xcode.app/Contents/Developer/Library/Frameworks/Python3.framework/Versions/3.9/lib/python3.9/lib-dynload',
  ]
Fatal Python error: init_fs_encoding: failed to get the Python codec of the filesystem encoding
Python runtime state: core initialized
Traceback (most recent call last):
  File "<frozen importlib._bootstrap_external>", line 1353, in _path_importer_cache
KeyError: 'src'

During handling of the above exception, another exception occurred:

Traceback (most recent call last):
  File "<frozen importlib._bootstrap>", line 1007, in _find_and_load
  File "<frozen importlib._bootstrap>", line 982, in _find_and_load_unlocked
  File "<frozen importlib._bootstrap>", line 925, in _find_spec
  File "<frozen importlib._bootstrap_external>", line 1414, in find_spec
  File "<frozen importlib._bootstrap_external>", line 1383, in _get_spec
  File "<frozen importlib._bootstrap_external>", line 1355, in _path_importer_cache
  File "<frozen importlib._bootstrap_external>", line 1331, in _path_hooks
  File "<frozen importlib._bootstrap_external>", line 1601, in path_hook_for_FileFinder
  File "<frozen importlib._bootstrap_external>", line 1477, in __init__
PermissionError: [Errno 1] Operation not permitted
Python path configuration:
  PYTHONHOME = (not set)
  PYTHONPATH = 'src'
  program name = '/Applications/Xcode.app/Contents/Developer/usr/bin/python3'
  isolated = 0
  environment = 1
  user site = 1
  import site = 1
  sys._base_executable = '/Applications/Xcode.app/Contents/Developer/usr/bin/python3'
  sys.base_prefix = '/Applications/Xcode.app/Contents/Developer/Library/Frameworks/Python3.framework/Versions/3.9'
  sys.base_exec_prefix = '/Applications/Xcode.app/Contents/Developer/Library/Frameworks/Python3.framework/Versions/3.9'
  sys.platlibdir = 'lib'
  sys.executable = '/Applications/Xcode.app/Contents/Developer/usr/bin/python3'
  sys.prefix = '/Applications/Xcode.app/Contents/Developer/Library/Frameworks/Python3.framework/Versions/3.9'
  sys.exec_prefix = '/Applications/Xcode.app/Contents/Developer/Library/Frameworks/Python3.framework/Versions/3.9'
  sys.path = [
    'src',
    '/Applications/Xcode.app/Contents/Developer/Library/Frameworks/Python3.framework/Versions/3.9/lib/python39.zip',
    '/Applications/Xcode.app/Contents/Developer/Library/Frameworks/Python3.framework/Versions/3.9/lib/python3.9',
    '/Applications/Xcode.app/Contents/Developer/Library/Frameworks/Python3.framework/Versions/3.9/lib/python3.9/lib-dynload',
  ]
Fatal Python error: init_fs_encoding: failed to get the Python codec of the filesystem encoding
Python runtime state: core initialized
Traceback (most recent call last):
  File "<frozen importlib._bootstrap_external>", line 1353, in _path_importer_cache
KeyError: 'src'

During handling of the above exception, another exception occurred:

Traceback (most recent call last):
  File "<frozen importlib._bootstrap>", line 1007, in _find_and_load
  File "<frozen importlib._bootstrap>", line 982, in _find_and_load_unlocked
  File "<frozen importlib._bootstrap>", line 925, in _find_spec
  File "<frozen importlib._bootstrap_external>", line 1414, in find_spec
  File "<frozen importlib._bootstrap_external>", line 1383, in _get_spec
  File "<frozen importlib._bootstrap_external>", line 1355, in _path_importer_cache
  File "<frozen importlib._bootstrap_external>", line 1331, in _path_hooks
  File "<frozen importlib._bootstrap_external>", line 1601, in path_hook_for_FileFinder
  File "<frozen importlib._bootstrap_external>", line 1477, in __init__
PermissionError: [Errno 1] Operation not permitted
Python path configuration:
  PYTHONHOME = (not set)
  PYTHONPATH = 'src'
  program name = '/Applications/Xcode.app/Contents/Developer/usr/bin/python3'
  isolated = 0
  environment = 1
  user site = 1
  import site = 1
  sys._base_executable = '/Applications/Xcode.app/Contents/Developer/usr/bin/python3'
  sys.base_prefix = '/Applications/Xcode.app/Contents/Developer/Library/Frameworks/Python3.framework/Versions/3.9'
  sys.base_exec_prefix = '/Applications/Xcode.app/Contents/Developer/Library/Frameworks/Python3.framework/Versions/3.9'
  sys.platlibdir = 'lib'
  sys.executable = '/Applications/Xcode.app/Contents/Developer/usr/bin/python3'
  sys.prefix = '/Applications/Xcode.app/Contents/Developer/Library/Frameworks/Python3.framework/Versions/3.9'
  sys.exec_prefix = '/Applications/Xcode.app/Contents/Developer/Library/Frameworks/Python3.framework/Versions/3.9'
  sys.path = [
    'src',
    '/Applications/Xcode.app/Contents/Developer/Library/Frameworks/Python3.framework/Versions/3.9/lib/python39.zip',
    '/Applications/Xcode.app/Contents/Developer/Library/Frameworks/Python3.framework/Versions/3.9/lib/python3.9',
    '/Applications/Xcode.app/Contents/Developer/Library/Frameworks/Python3.framework/Versions/3.9/lib/python3.9/lib-dynload',
  ]
Fatal Python error: init_fs_encoding: failed to get the Python codec of the filesystem encoding
Python runtime state: core initialized
Traceback (most recent call last):
  File "<frozen importlib._bootstrap_external>", line 1353, in _path_importer_cache
KeyError: 'src'

During handling of the above exception, another exception occurred:

Traceback (most recent call last):
  File "<frozen importlib._bootstrap>", line 1007, in _find_and_load
  File "<frozen importlib._bootstrap>", line 982, in _find_and_load_unlocked
  File "<frozen importlib._bootstrap>", line 925, in _find_spec
  File "<frozen importlib._bootstrap_external>", line 1414, in find_spec
  File "<frozen importlib._bootstrap_external>", line 1383, in _get_spec
  File "<frozen importlib._bootstrap_external>", line 1355, in _path_importer_cache
  File "<frozen importlib._bootstrap_external>", line 1331, in _path_hooks
  File "<frozen importlib._bootstrap_external>", line 1601, in path_hook_for_FileFinder
  File "<frozen importlib._bootstrap_external>", line 1477, in __init__
PermissionError: [Errno 1] Operation not permitted
Python path configuration:
  PYTHONHOME = (not set)
  PYTHONPATH = 'src'
  program name = '/Applications/Xcode.app/Contents/Developer/usr/bin/python3'
  isolated = 0
  environment = 1
  user site = 1
  import site = 1
  sys._base_executable = '/Applications/Xcode.app/Contents/Developer/usr/bin/python3'
  sys.base_prefix = '/Applications/Xcode.app/Contents/Developer/Library/Frameworks/Python3.framework/Versions/3.9'
  sys.base_exec_prefix = '/Applications/Xcode.app/Contents/Developer/Library/Frameworks/Python3.framework/Versions/3.9'
  sys.platlibdir = 'lib'
  sys.executable = '/Applications/Xcode.app/Contents/Developer/usr/bin/python3'
  sys.prefix = '/Applications/Xcode.app/Contents/Developer/Library/Frameworks/Python3.framework/Versions/3.9'
  sys.exec_prefix = '/Applications/Xcode.app/Contents/Developer/Library/Frameworks/Python3.framework/Versions/3.9'
  sys.path = [
    'src',
    '/Applications/Xcode.app/Contents/Developer/Library/Frameworks/Python3.framework/Versions/3.9/lib/python39.zip',
    '/Applications/Xcode.app/Contents/Developer/Library/Frameworks/Python3.framework/Versions/3.9/lib/python3.9',
    '/Applications/Xcode.app/Contents/Developer/Library/Frameworks/Python3.framework/Versions/3.9/lib/python3.9/lib-dynload',
  ]
Fatal Python error: init_fs_encoding: failed to get the Python codec of the filesystem encoding
Python runtime state: core initialized
Traceback (most recent call last):
  File "<frozen importlib._bootstrap_external>", line 1353, in _path_importer_cache
KeyError: 'src'

During handling of the above exception, another exception occurred:

Traceback (most recent call last):
  File "<frozen importlib._bootstrap>", line 1007, in _find_and_load
  File "<frozen importlib._bootstrap>", line 982, in _find_and_load_unlocked
  File "<frozen importlib._bootstrap>", line 925, in _find_spec
  File "<frozen importlib._bootstrap_external>", line 1414, in find_spec
  File "<frozen importlib._bootstrap_external>", line 1383, in _get_spec
  File "<frozen importlib._bootstrap_external>", line 1355, in _path_importer_cache
  File "<frozen importlib._bootstrap_external>", line 1331, in _path_hooks
  File "<frozen importlib._bootstrap_external>", line 1601, in path_hook_for_FileFinder
  File "<frozen importlib._bootstrap_external>", line 1477, in __init__
PermissionError: [Errno 1] Operation not permitted
Python path configuration:
  PYTHONHOME = (not set)
  PYTHONPATH = 'src'
  program name = '/Applications/Xcode.app/Contents/Developer/usr/bin/python3'
  isolated = 0
  environment = 1
  user site = 1
  import site = 1
  sys._base_executable = '/Applications/Xcode.app/Contents/Developer/usr/bin/python3'
  sys.base_prefix = '/Applications/Xcode.app/Contents/Developer/Library/Frameworks/Python3.framework/Versions/3.9'
  sys.base_exec_prefix = '/Applications/Xcode.app/Contents/Developer/Library/Frameworks/Python3.framework/Versions/3.9'
  sys.platlibdir = 'lib'
  sys.executable = '/Applications/Xcode.app/Contents/Developer/usr/bin/python3'
  sys.prefix = '/Applications/Xcode.app/Contents/Developer/Library/Frameworks/Python3.framework/Versions/3.9'
  sys.exec_prefix = '/Applications/Xcode.app/Contents/Developer/Library/Frameworks/Python3.framework/Versions/3.9'
  sys.path = [
    'src',
    '/Applications/Xcode.app/Contents/Developer/Library/Frameworks/Python3.framework/Versions/3.9/lib/python39.zip',
    '/Applications/Xcode.app/Contents/Developer/Library/Frameworks/Python3.framework/Versions/3.9/lib/python3.9',
    '/Applications/Xcode.app/Contents/Developer/Library/Frameworks/Python3.framework/Versions/3.9/lib/python3.9/lib-dynload',
  ]
Fatal Python error: init_fs_encoding: failed to get the Python codec of the filesystem encoding
Python runtime state: core initialized
Traceback (most recent call last):
  File "<frozen importlib._bootstrap_external>", line 1353, in _path_importer_cache
KeyError: 'src'

During handling of the above exception, another exception occurred:

Traceback (most recent call last):
  File "<frozen importlib._bootstrap>", line 1007, in _find_and_load
  File "<frozen importlib._bootstrap>", line 982, in _find_and_load_unlocked
  File "<frozen importlib._bootstrap>", line 925, in _find_spec
  File "<frozen importlib._bootstrap_external>", line 1414, in find_spec
  File "<frozen importlib._bootstrap_external>", line 1383, in _get_spec
  File "<frozen importlib._bootstrap_external>", line 1355, in _path_importer_cache
  File "<frozen importlib._bootstrap_external>", line 1331, in _path_hooks
  File "<frozen importlib._bootstrap_external>", line 1601, in path_hook_for_FileFinder
  File "<frozen importlib._bootstrap_external>", line 1477, in __init__
PermissionError: [Errno 1] Operation not permitted
Python path configuration:
  PYTHONHOME = (not set)
  PYTHONPATH = 'src'
  program name = '/Applications/Xcode.app/Contents/Developer/usr/bin/python3'
  isolated = 0
  environment = 1
  user site = 1
  import site = 1
  sys._base_executable = '/Applications/Xcode.app/Contents/Developer/usr/bin/python3'
  sys.base_prefix = '/Applications/Xcode.app/Contents/Developer/Library/Frameworks/Python3.framework/Versions/3.9'
  sys.base_exec_prefix = '/Applications/Xcode.app/Contents/Developer/Library/Frameworks/Python3.framework/Versions/3.9'
  sys.platlibdir = 'lib'
  sys.executable = '/Applications/Xcode.app/Contents/Developer/usr/bin/python3'
  sys.prefix = '/Applications/Xcode.app/Contents/Developer/Library/Frameworks/Python3.framework/Versions/3.9'
  sys.exec_prefix = '/Applications/Xcode.app/Contents/Developer/Library/Frameworks/Python3.framework/Versions/3.9'
  sys.path = [
    'src',
    '/Applications/Xcode.app/Contents/Developer/Library/Frameworks/Python3.framework/Versions/3.9/lib/python39.zip',
    '/Applications/Xcode.app/Contents/Developer/Library/Frameworks/Python3.framework/Versions/3.9/lib/python3.9',
    '/Applications/Xcode.app/Contents/Developer/Library/Frameworks/Python3.framework/Versions/3.9/lib/python3.9/lib-dynload',
  ]
Fatal Python error: init_fs_encoding: failed to get the Python codec of the filesystem encoding
Python runtime state: core initialized
Traceback (most recent call last):
  File "<frozen importlib._bootstrap_external>", line 1353, in _path_importer_cache
KeyError: 'src'

During handling of the above exception, another exception occurred:

Traceback (most recent call last):
  File "<frozen importlib._bootstrap>", line 1007, in _find_and_load
  File "<frozen importlib._bootstrap>", line 982, in _find_and_load_unlocked
  File "<frozen importlib._bootstrap>", line 925, in _find_spec
  File "<frozen importlib._bootstrap_external>", line 1414, in find_spec
  File "<frozen importlib._bootstrap_external>", line 1383, in _get_spec
  File "<frozen importlib._bootstrap_external>", line 1355, in _path_importer_cache
  File "<frozen importlib._bootstrap_external>", line 1331, in _path_hooks
  File "<frozen importlib._bootstrap_external>", line 1601, in path_hook_for_FileFinder
  File "<frozen importlib._bootstrap_external>", line 1477, in __init__
PermissionError: [Errno 1] Operation not permitted
Python path configuration:
  PYTHONHOME = (not set)
  PYTHONPATH = 'src'
  program name = '/Applications/Xcode.app/Contents/Developer/usr/bin/python3'
  isolated = 0
  environment = 1
  user site = 1
  import site = 1
  sys._base_executable = '/Applications/Xcode.app/Contents/Developer/usr/bin/python3'
  sys.base_prefix = '/Applications/Xcode.app/Contents/Developer/Library/Frameworks/Python3.framework/Versions/3.9'
  sys.base_exec_prefix = '/Applications/Xcode.app/Contents/Developer/Library/Frameworks/Python3.framework/Versions/3.9'
  sys.platlibdir = 'lib'
  sys.executable = '/Applications/Xcode.app/Contents/Developer/usr/bin/python3'
  sys.prefix = '/Applications/Xcode.app/Contents/Developer/Library/Frameworks/Python3.framework/Versions/3.9'
  sys.exec_prefix = '/Applications/Xcode.app/Contents/Developer/Library/Frameworks/Python3.framework/Versions/3.9'
  sys.path = [
    'src',
    '/Applications/Xcode.app/Contents/Developer/Library/Frameworks/Python3.framework/Versions/3.9/lib/python39.zip',
    '/Applications/Xcode.app/Contents/Developer/Library/Frameworks/Python3.framework/Versions/3.9/lib/python3.9',
    '/Applications/Xcode.app/Contents/Developer/Library/Frameworks/Python3.framework/Versions/3.9/lib/python3.9/lib-dynload',
  ]
Fatal Python error: init_fs_encoding: failed to get the Python codec of the filesystem encoding
Python runtime state: core initialized
Traceback (most recent call last):
  File "<frozen importlib._bootstrap_external>", line 1353, in _path_importer_cache
KeyError: 'src'

During handling of the above exception, another exception occurred:

Traceback (most recent call last):
  File "<frozen importlib._bootstrap>", line 1007, in _find_and_load
  File "<frozen importlib._bootstrap>", line 982, in _find_and_load_unlocked
  File "<frozen importlib._bootstrap>", line 925, in _find_spec
  File "<frozen importlib._bootstrap_external>", line 1414, in find_spec
  File "<frozen importlib._bootstrap_external>", line 1383, in _get_spec
  File "<frozen importlib._bootstrap_external>", line 1355, in _path_importer_cache
  File "<frozen importlib._bootstrap_external>", line 1331, in _path_hooks
  File "<frozen importlib._bootstrap_external>", line 1601, in path_hook_for_FileFinder
  File "<frozen importlib._bootstrap_external>", line 1477, in __init__
PermissionError: [Errno 1] Operation not permitted
Python path configuration:
  PYTHONHOME = (not set)
  PYTHONPATH = 'src'
  program name = '/Applications/Xcode.app/Contents/Developer/usr/bin/python3'
  isolated = 0
  environment = 1
  user site = 1
  import site = 1
  sys._base_executable = '/Applications/Xcode.app/Contents/Developer/usr/bin/python3'
  sys.base_prefix = '/Applications/Xcode.app/Contents/Developer/Library/Frameworks/Python3.framework/Versions/3.9'
  sys.base_exec_prefix = '/Applications/Xcode.app/Contents/Developer/Library/Frameworks/Python3.framework/Versions/3.9'
  sys.platlibdir = 'lib'
  sys.executable = '/Applications/Xcode.app/Contents/Developer/usr/bin/python3'
  sys.prefix = '/Applications/Xcode.app/Contents/Developer/Library/Frameworks/Python3.framework/Versions/3.9'
  sys.exec_prefix = '/Applications/Xcode.app/Contents/Developer/Library/Frameworks/Python3.framework/Versions/3.9'
  sys.path = [
    'src',
    '/Applications/Xcode.app/Contents/Developer/Library/Frameworks/Python3.framework/Versions/3.9/lib/python39.zip',
    '/Applications/Xcode.app/Contents/Developer/Library/Frameworks/Python3.framework/Versions/3.9/lib/python3.9',
    '/Applications/Xcode.app/Contents/Developer/Library/Frameworks/Python3.framework/Versions/3.9/lib/python3.9/lib-dynload',
  ]
Fatal Python error: init_fs_encoding: failed to get the Python codec of the filesystem encoding
Python runtime state: core initialized
Traceback (most recent call last):
  File "<frozen importlib._bootstrap_external>", line 1353, in _path_importer_cache
KeyError: 'src'

During handling of the above exception, another exception occurred:

Traceback (most recent call last):
  File "<frozen importlib._bootstrap>", line 1007, in _find_and_load
  File "<frozen importlib._bootstrap>", line 982, in _find_and_load_unlocked
  File "<frozen importlib._bootstrap>", line 925, in _find_spec
  File "<frozen importlib._bootstrap_external>", line 1414, in find_spec
  File "<frozen importlib._bootstrap_external>", line 1383, in _get_spec
  File "<frozen importlib._bootstrap_external>", line 1355, in _path_importer_cache
  File "<frozen importlib._bootstrap_external>", line 1331, in _path_hooks
  File "<frozen importlib._bootstrap_external>", line 1601, in path_hook_for_FileFinder
  File "<frozen importlib._bootstrap_external>", line 1477, in __init__
PermissionError: [Errno 1] Operation not permitted
Python path configuration:
  PYTHONHOME = (not set)
  PYTHONPATH = 'src'
  program name = '/Applications/Xcode.app/Contents/Developer/usr/bin/python3'
  isolated = 0
  environment = 1
  user site = 1
  import site = 1
  sys._base_executable = '/Applications/Xcode.app/Contents/Developer/usr/bin/python3'
  sys.base_prefix = '/Applications/Xcode.app/Contents/Developer/Library/Frameworks/Python3.framework/Versions/3.9'
  sys.base_exec_prefix = '/Applications/Xcode.app/Contents/Developer/Library/Frameworks/Python3.framework/Versions/3.9'
  sys.platlibdir = 'lib'
  sys.executable = '/Applications/Xcode.app/Contents/Developer/usr/bin/python3'
  sys.prefix = '/Applications/Xcode.app/Contents/Developer/Library/Frameworks/Python3.framework/Versions/3.9'
  sys.exec_prefix = '/Applications/Xcode.app/Contents/Developer/Library/Frameworks/Python3.framework/Versions/3.9'
  sys.path = [
    'src',
    '/Applications/Xcode.app/Contents/Developer/Library/Frameworks/Python3.framework/Versions/3.9/lib/python39.zip',
    '/Applications/Xcode.app/Contents/Developer/Library/Frameworks/Python3.framework/Versions/3.9/lib/python3.9',
    '/Applications/Xcode.app/Contents/Developer/Library/Frameworks/Python3.framework/Versions/3.9/lib/python3.9/lib-dynload',
  ]
Fatal Python error: init_fs_encoding: failed to get the Python codec of the filesystem encoding
Python runtime state: core initialized
Traceback (most recent call last):
  File "<frozen importlib._bootstrap_external>", line 1353, in _path_importer_cache
KeyError: 'src'

During handling of the above exception, another exception occurred:

Traceback (most recent call last):
  File "<frozen importlib._bootstrap>", line 1007, in _find_and_load
  File "<frozen importlib._bootstrap>", line 982, in _find_and_load_unlocked
  File "<frozen importlib._bootstrap>", line 925, in _find_spec
  File "<frozen importlib._bootstrap_external>", line 1414, in find_spec
  File "<frozen importlib._bootstrap_external>", line 1383, in _get_spec
  File "<frozen importlib._bootstrap_external>", line 1355, in _path_importer_cache
  File "<frozen importlib._bootstrap_external>", line 1331, in _path_hooks
  File "<frozen importlib._bootstrap_external>", line 1601, in path_hook_for_FileFinder
  File "<frozen importlib._bootstrap_external>", line 1477, in __init__
PermissionError: [Errno 1] Operation not permitted
Python path configuration:
  PYTHONHOME = (not set)
  PYTHONPATH = 'src'
  program name = '/Applications/Xcode.app/Contents/Developer/usr/bin/python3'
  isolated = 0
  environment = 1
  user site = 1
  import site = 1
  sys._base_executable = '/Applications/Xcode.app/Contents/Developer/usr/bin/python3'
  sys.base_prefix = '/Applications/Xcode.app/Contents/Developer/Library/Frameworks/Python3.framework/Versions/3.9'
  sys.base_exec_prefix = '/Applications/Xcode.app/Contents/Developer/Library/Frameworks/Python3.framework/Versions/3.9'
  sys.platlibdir = 'lib'
  sys.executable = '/Applications/Xcode.app/Contents/Developer/usr/bin/python3'
  sys.prefix = '/Applications/Xcode.app/Contents/Developer/Library/Frameworks/Python3.framework/Versions/3.9'
  sys.exec_prefix = '/Applications/Xcode.app/Contents/Developer/Library/Frameworks/Python3.framework/Versions/3.9'
  sys.path = [
    'src',
    '/Applications/Xcode.app/Contents/Developer/Library/Frameworks/Python3.framework/Versions/3.9/lib/python39.zip',
    '/Applications/Xcode.app/Contents/Developer/Library/Frameworks/Python3.framework/Versions/3.9/lib/python3.9',
    '/Applications/Xcode.app/Contents/Developer/Library/Frameworks/Python3.framework/Versions/3.9/lib/python3.9/lib-dynload',
  ]
Fatal Python error: init_fs_encoding: failed to get the Python codec of the filesystem encoding
Python runtime state: core initialized
Traceback (most recent call last):
  File "<frozen importlib._bootstrap_external>", line 1353, in _path_importer_cache
KeyError: 'src'

During handling of the above exception, another exception occurred:

Traceback (most recent call last):
  File "<frozen importlib._bootstrap>", line 1007, in _find_and_load
  File "<frozen importlib._bootstrap>", line 982, in _find_and_load_unlocked
  File "<frozen importlib._bootstrap>", line 925, in _find_spec
  File "<frozen importlib._bootstrap_external>", line 1414, in find_spec
  File "<frozen importlib._bootstrap_external>", line 1383, in _get_spec
  File "<frozen importlib._bootstrap_external>", line 1355, in _path_importer_cache
  File "<frozen importlib._bootstrap_external>", line 1331, in _path_hooks
  File "<frozen importlib._bootstrap_external>", line 1601, in path_hook_for_FileFinder
  File "<frozen importlib._bootstrap_external>", line 1477, in __init__
PermissionError: [Errno 1] Operation not permitted
Python path configuration:
  PYTHONHOME = (not set)
  PYTHONPATH = 'src'
  program name = '/Applications/Xcode.app/Contents/Developer/usr/bin/python3'
  isolated = 0
  environment = 1
  user site = 1
  import site = 1
  sys._base_executable = '/Applications/Xcode.app/Contents/Developer/usr/bin/python3'
  sys.base_prefix = '/Applications/Xcode.app/Contents/Developer/Library/Frameworks/Python3.framework/Versions/3.9'
  sys.base_exec_prefix = '/Applications/Xcode.app/Contents/Developer/Library/Frameworks/Python3.framework/Versions/3.9'
  sys.platlibdir = 'lib'
  sys.executable = '/Applications/Xcode.app/Contents/Developer/usr/bin/python3'
  sys.prefix = '/Applications/Xcode.app/Contents/Developer/Library/Frameworks/Python3.framework/Versions/3.9'
  sys.exec_prefix = '/Applications/Xcode.app/Contents/Developer/Library/Frameworks/Python3.framework/Versions/3.9'
  sys.path = [
    'src',
    '/Applications/Xcode.app/Contents/Developer/Library/Frameworks/Python3.framework/Versions/3.9/lib/python39.zip',
    '/Applications/Xcode.app/Contents/Developer/Library/Frameworks/Python3.framework/Versions/3.9/lib/python3.9',
    '/Applications/Xcode.app/Contents/Developer/Library/Frameworks/Python3.framework/Versions/3.9/lib/python3.9/lib-dynload',
  ]
Fatal Python error: init_fs_encoding: failed to get the Python codec of the filesystem encoding
Python runtime state: core initialized
Traceback (most recent call last):
  File "<frozen importlib._bootstrap_external>", line 1353, in _path_importer_cache
KeyError: 'src'

During handling of the above exception, another exception occurred:

Traceback (most recent call last):
  File "<frozen importlib._bootstrap>", line 1007, in _find_and_load
  File "<frozen importlib._bootstrap>", line 982, in _find_and_load_unlocked
  File "<frozen importlib._bootstrap>", line 925, in _find_spec
  File "<frozen importlib._bootstrap_external>", line 1414, in find_spec
  File "<frozen importlib._bootstrap_external>", line 1383, in _get_spec
  File "<frozen importlib._bootstrap_external>", line 1355, in _path_importer_cache
  File "<frozen importlib._bootstrap_external>", line 1331, in _path_hooks
  File "<frozen importlib._bootstrap_external>", line 1601, in path_hook_for_FileFinder
  File "<frozen importlib._bootstrap_external>", line 1477, in __init__
PermissionError: [Errno 1] Operation not permitted
Python path configuration:
  PYTHONHOME = (not set)
  PYTHONPATH = 'src'
  program name = '/Applications/Xcode.app/Contents/Developer/usr/bin/python3'
  isolated = 0
  environment = 1
  user site = 1
  import site = 1
  sys._base_executable = '/Applications/Xcode.app/Contents/Developer/usr/bin/python3'
  sys.base_prefix = '/Applications/Xcode.app/Contents/Developer/Library/Frameworks/Python3.framework/Versions/3.9'
  sys.base_exec_prefix = '/Applications/Xcode.app/Contents/Developer/Library/Frameworks/Python3.framework/Versions/3.9'
  sys.platlibdir = 'lib'
  sys.executable = '/Applications/Xcode.app/Contents/Developer/usr/bin/python3'
  sys.prefix = '/Applications/Xcode.app/Contents/Developer/Library/Frameworks/Python3.framework/Versions/3.9'
  sys.exec_prefix = '/Applications/Xcode.app/Contents/Developer/Library/Frameworks/Python3.framework/Versions/3.9'
  sys.path = [
    'src',
    '/Applications/Xcode.app/Contents/Developer/Library/Frameworks/Python3.framework/Versions/3.9/lib/python39.zip',
    '/Applications/Xcode.app/Contents/Developer/Library/Frameworks/Python3.framework/Versions/3.9/lib/python3.9',
    '/Applications/Xcode.app/Contents/Developer/Library/Frameworks/Python3.framework/Versions/3.9/lib/python3.9/lib-dynload',
  ]
Fatal Python error: init_fs_encoding: failed to get the Python codec of the filesystem encoding
Python runtime state: core initialized
Traceback (most recent call last):
  File "<frozen importlib._bootstrap_external>", line 1353, in _path_importer_cache
KeyError: 'src'

During handling of the above exception, another exception occurred:

Traceback (most recent call last):
  File "<frozen importlib._bootstrap>", line 1007, in _find_and_load
  File "<frozen importlib._bootstrap>", line 982, in _find_and_load_unlocked
  File "<frozen importlib._bootstrap>", line 925, in _find_spec
  File "<frozen importlib._bootstrap_external>", line 1414, in find_spec
  File "<frozen importlib._bootstrap_external>", line 1383, in _get_spec
  File "<frozen importlib._bootstrap_external>", line 1355, in _path_importer_cache
  File "<frozen importlib._bootstrap_external>", line 1331, in _path_hooks
  File "<frozen importlib._bootstrap_external>", line 1601, in path_hook_for_FileFinder
  File "<frozen importlib._bootstrap_external>", line 1477, in __init__
PermissionError: [Errno 1] Operation not permitted
Python path configuration:
  PYTHONHOME = (not set)
  PYTHONPATH = 'src'
  program name = '/Applications/Xcode.app/Contents/Developer/usr/bin/python3'
  isolated = 0
  environment = 1
  user site = 1
  import site = 1
  sys._base_executable = '/Applications/Xcode.app/Contents/Developer/usr/bin/python3'
  sys.base_prefix = '/Applications/Xcode.app/Contents/Developer/Library/Frameworks/Python3.framework/Versions/3.9'
  sys.base_exec_prefix = '/Applications/Xcode.app/Contents/Developer/Library/Frameworks/Python3.framework/Versions/3.9'
  sys.platlibdir = 'lib'
  sys.executable = '/Applications/Xcode.app/Contents/Developer/usr/bin/python3'
  sys.prefix = '/Applications/Xcode.app/Contents/Developer/Library/Frameworks/Python3.framework/Versions/3.9'
  sys.exec_prefix = '/Applications/Xcode.app/Contents/Developer/Library/Frameworks/Python3.framework/Versions/3.9'
  sys.path = [
    'src',
    '/Applications/Xcode.app/Contents/Developer/Library/Frameworks/Python3.framework/Versions/3.9/lib/python39.zip',
    '/Applications/Xcode.app/Contents/Developer/Library/Frameworks/Python3.framework/Versions/3.9/lib/python3.9',
    '/Applications/Xcode.app/Contents/Developer/Library/Frameworks/Python3.framework/Versions/3.9/lib/python3.9/lib-dynload',
  ]
Fatal Python error: init_fs_encoding: failed to get the Python codec of the filesystem encoding
Python runtime state: core initialized
Traceback (most recent call last):
  File "<frozen importlib._bootstrap_external>", line 1353, in _path_importer_cache
KeyError: 'src'

During handling of the above exception, another exception occurred:

Traceback (most recent call last):
  File "<frozen importlib._bootstrap>", line 1007, in _find_and_load
  File "<frozen importlib._bootstrap>", line 982, in _find_and_load_unlocked
  File "<frozen importlib._bootstrap>", line 925, in _find_spec
  File "<frozen importlib._bootstrap_external>", line 1414, in find_spec
  File "<frozen importlib._bootstrap_external>", line 1383, in _get_spec
  File "<frozen importlib._bootstrap_external>", line 1355, in _path_importer_cache
  File "<frozen importlib._bootstrap_external>", line 1331, in _path_hooks
  File "<frozen importlib._bootstrap_external>", line 1601, in path_hook_for_FileFinder
  File "<frozen importlib._bootstrap_external>", line 1477, in __init__
PermissionError: [Errno 1] Operation not permitted
Python path configuration:
  PYTHONHOME = (not set)
  PYTHONPATH = 'src'
  program name = '/Applications/Xcode.app/Contents/Developer/usr/bin/python3'
  isolated = 0
  environment = 1
  user site = 1
  import site = 1
  sys._base_executable = '/Applications/Xcode.app/Contents/Developer/usr/bin/python3'
  sys.base_prefix = '/Applications/Xcode.app/Contents/Developer/Library/Frameworks/Python3.framework/Versions/3.9'
  sys.base_exec_prefix = '/Applications/Xcode.app/Contents/Developer/Library/Frameworks/Python3.framework/Versions/3.9'
  sys.platlibdir = 'lib'
  sys.executable = '/Applications/Xcode.app/Contents/Developer/usr/bin/python3'
  sys.prefix = '/Applications/Xcode.app/Contents/Developer/Library/Frameworks/Python3.framework/Versions/3.9'
  sys.exec_prefix = '/Applications/Xcode.app/Contents/Developer/Library/Frameworks/Python3.framework/Versions/3.9'
  sys.path = [
    'src',
    '/Applications/Xcode.app/Contents/Developer/Library/Frameworks/Python3.framework/Versions/3.9/lib/python39.zip',
    '/Applications/Xcode.app/Contents/Developer/Library/Frameworks/Python3.framework/Versions/3.9/lib/python3.9',
    '/Applications/Xcode.app/Contents/Developer/Library/Frameworks/Python3.framework/Versions/3.9/lib/python3.9/lib-dynload',
  ]
Fatal Python error: init_fs_encoding: failed to get the Python codec of the filesystem encoding
Python runtime state: core initialized
Traceback (most recent call last):
  File "<frozen importlib._bootstrap_external>", line 1353, in _path_importer_cache
KeyError: 'src'

During handling of the above exception, another exception occurred:

Traceback (most recent call last):
  File "<frozen importlib._bootstrap>", line 1007, in _find_and_load
  File "<frozen importlib._bootstrap>", line 982, in _find_and_load_unlocked
  File "<frozen importlib._bootstrap>", line 925, in _find_spec
  File "<frozen importlib._bootstrap_external>", line 1414, in find_spec
  File "<frozen importlib._bootstrap_external>", line 1383, in _get_spec
  File "<frozen importlib._bootstrap_external>", line 1355, in _path_importer_cache
  File "<frozen importlib._bootstrap_external>", line 1331, in _path_hooks
  File "<frozen importlib._bootstrap_external>", line 1601, in path_hook_for_FileFinder
  File "<frozen importlib._bootstrap_external>", line 1477, in __init__
PermissionError: [Errno 1] Operation not permitted
Python path configuration:
  PYTHONHOME = (not set)
  PYTHONPATH = 'src'
  program name = '/Applications/Xcode.app/Contents/Developer/usr/bin/python3'
  isolated = 0
  environment = 1
  user site = 1
  import site = 1
  sys._base_executable = '/Applications/Xcode.app/Contents/Developer/usr/bin/python3'
  sys.base_prefix = '/Applications/Xcode.app/Contents/Developer/Library/Frameworks/Python3.framework/Versions/3.9'
  sys.base_exec_prefix = '/Applications/Xcode.app/Contents/Developer/Library/Frameworks/Python3.framework/Versions/3.9'
  sys.platlibdir = 'lib'
  sys.executable = '/Applications/Xcode.app/Contents/Developer/usr/bin/python3'
  sys.prefix = '/Applications/Xcode.app/Contents/Developer/Library/Frameworks/Python3.framework/Versions/3.9'
  sys.exec_prefix = '/Applications/Xcode.app/Contents/Developer/Library/Frameworks/Python3.framework/Versions/3.9'
  sys.path = [
    'src',
    '/Applications/Xcode.app/Contents/Developer/Library/Frameworks/Python3.framework/Versions/3.9/lib/python39.zip',
    '/Applications/Xcode.app/Contents/Developer/Library/Frameworks/Python3.framework/Versions/3.9/lib/python3.9',
    '/Applications/Xcode.app/Contents/Developer/Library/Frameworks/Python3.framework/Versions/3.9/lib/python3.9/lib-dynload',
  ]
Fatal Python error: init_fs_encoding: failed to get the Python codec of the filesystem encoding
Python runtime state: core initialized
Traceback (most recent call last):
  File "<frozen importlib._bootstrap_external>", line 1353, in _path_importer_cache
KeyError: 'src'

During handling of the above exception, another exception occurred:

Traceback (most recent call last):
  File "<frozen importlib._bootstrap>", line 1007, in _find_and_load
  File "<frozen importlib._bootstrap>", line 982, in _find_and_load_unlocked
  File "<frozen importlib._bootstrap>", line 925, in _find_spec
  File "<frozen importlib._bootstrap_external>", line 1414, in find_spec
  File "<frozen importlib._bootstrap_external>", line 1383, in _get_spec
  File "<frozen importlib._bootstrap_external>", line 1355, in _path_importer_cache
  File "<frozen importlib._bootstrap_external>", line 1331, in _path_hooks
  File "<frozen importlib._bootstrap_external>", line 1601, in path_hook_for_FileFinder
  File "<frozen importlib._bootstrap_external>", line 1477, in __init__
PermissionError: [Errno 1] Operation not permitted
Python path configuration:
  PYTHONHOME = (not set)
  PYTHONPATH = 'src'
  program name = '/Applications/Xcode.app/Contents/Developer/usr/bin/python3'
  isolated = 0
  environment = 1
  user site = 1
  import site = 1
  sys._base_executable = '/Applications/Xcode.app/Contents/Developer/usr/bin/python3'
  sys.base_prefix = '/Applications/Xcode.app/Contents/Developer/Library/Frameworks/Python3.framework/Versions/3.9'
  sys.base_exec_prefix = '/Applications/Xcode.app/Contents/Developer/Library/Frameworks/Python3.framework/Versions/3.9'
  sys.platlibdir = 'lib'
  sys.executable = '/Applications/Xcode.app/Contents/Developer/usr/bin/python3'
  sys.prefix = '/Applications/Xcode.app/Contents/Developer/Library/Frameworks/Python3.framework/Versions/3.9'
  sys.exec_prefix = '/Applications/Xcode.app/Contents/Developer/Library/Frameworks/Python3.framework/Versions/3.9'
  sys.path = [
    'src',
    '/Applications/Xcode.app/Contents/Developer/Library/Frameworks/Python3.framework/Versions/3.9/lib/python39.zip',
    '/Applications/Xcode.app/Contents/Developer/Library/Frameworks/Python3.framework/Versions/3.9/lib/python3.9',
    '/Applications/Xcode.app/Contents/Developer/Library/Frameworks/Python3.framework/Versions/3.9/lib/python3.9/lib-dynload',
  ]
Fatal Python error: init_fs_encoding: failed to get the Python codec of the filesystem encoding
Python runtime state: core initialized
Traceback (most recent call last):
  File "<frozen importlib._bootstrap_external>", line 1353, in _path_importer_cache
KeyError: 'src'

During handling of the above exception, another exception occurred:

Traceback (most recent call last):
  File "<frozen importlib._bootstrap>", line 1007, in _find_and_load
  File "<frozen importlib._bootstrap>", line 982, in _find_and_load_unlocked
  File "<frozen importlib._bootstrap>", line 925, in _find_spec
  File "<frozen importlib._bootstrap_external>", line 1414, in find_spec
  File "<frozen importlib._bootstrap_external>", line 1383, in _get_spec
  File "<frozen importlib._bootstrap_external>", line 1355, in _path_importer_cache
  File "<frozen importlib._bootstrap_external>", line 1331, in _path_hooks
  File "<frozen importlib._bootstrap_external>", line 1601, in path_hook_for_FileFinder
  File "<frozen importlib._bootstrap_external>", line 1477, in __init__
PermissionError: [Errno 1] Operation not permitted
Python path configuration:
  PYTHONHOME = (not set)
  PYTHONPATH = 'src'
  program name = '/Applications/Xcode.app/Contents/Developer/usr/bin/python3'
  isolated = 0
  environment = 1
  user site = 1
  import site = 1
  sys._base_executable = '/Applications/Xcode.app/Contents/Developer/usr/bin/python3'
  sys.base_prefix = '/Applications/Xcode.app/Contents/Developer/Library/Frameworks/Python3.framework/Versions/3.9'
  sys.base_exec_prefix = '/Applications/Xcode.app/Contents/Developer/Library/Frameworks/Python3.framework/Versions/3.9'
  sys.platlibdir = 'lib'
  sys.executable = '/Applications/Xcode.app/Contents/Developer/usr/bin/python3'
  sys.prefix = '/Applications/Xcode.app/Contents/Developer/Library/Frameworks/Python3.framework/Versions/3.9'
  sys.exec_prefix = '/Applications/Xcode.app/Contents/Developer/Library/Frameworks/Python3.framework/Versions/3.9'
  sys.path = [
    'src',
    '/Applications/Xcode.app/Contents/Developer/Library/Frameworks/Python3.framework/Versions/3.9/lib/python39.zip',
    '/Applications/Xcode.app/Contents/Developer/Library/Frameworks/Python3.framework/Versions/3.9/lib/python3.9',
    '/Applications/Xcode.app/Contents/Developer/Library/Frameworks/Python3.framework/Versions/3.9/lib/python3.9/lib-dynload',
  ]
Fatal Python error: init_fs_encoding: failed to get the Python codec of the filesystem encoding
Python runtime state: core initialized
Traceback (most recent call last):
  File "<frozen importlib._bootstrap_external>", line 1353, in _path_importer_cache
KeyError: 'src'

During handling of the above exception, another exception occurred:

Traceback (most recent call last):
  File "<frozen importlib._bootstrap>", line 1007, in _find_and_load
  File "<frozen importlib._bootstrap>", line 982, in _find_and_load_unlocked
  File "<frozen importlib._bootstrap>", line 925, in _find_spec
  File "<frozen importlib._bootstrap_external>", line 1414, in find_spec
  File "<frozen importlib._bootstrap_external>", line 1383, in _get_spec
  File "<frozen importlib._bootstrap_external>", line 1355, in _path_importer_cache
  File "<frozen importlib._bootstrap_external>", line 1331, in _path_hooks
  File "<frozen importlib._bootstrap_external>", line 1601, in path_hook_for_FileFinder
  File "<frozen importlib._bootstrap_external>", line 1477, in __init__
PermissionError: [Errno 1] Operation not permitted
Python path configuration:
  PYTHONHOME = (not set)
  PYTHONPATH = 'src'
  program name = '/Applications/Xcode.app/Contents/Developer/usr/bin/python3'
  isolated = 0
  environment = 1
  user site = 1
  import site = 1
  sys._base_executable = '/Applications/Xcode.app/Contents/Developer/usr/bin/python3'
  sys.base_prefix = '/Applications/Xcode.app/Contents/Developer/Library/Frameworks/Python3.framework/Versions/3.9'
  sys.base_exec_prefix = '/Applications/Xcode.app/Contents/Developer/Library/Frameworks/Python3.framework/Versions/3.9'
  sys.platlibdir = 'lib'
  sys.executable = '/Applications/Xcode.app/Contents/Developer/usr/bin/python3'
  sys.prefix = '/Applications/Xcode.app/Contents/Developer/Library/Frameworks/Python3.framework/Versions/3.9'
  sys.exec_prefix = '/Applications/Xcode.app/Contents/Developer/Library/Frameworks/Python3.framework/Versions/3.9'
  sys.path = [
    'src',
    '/Applications/Xcode.app/Contents/Developer/Library/Frameworks/Python3.framework/Versions/3.9/lib/python39.zip',
    '/Applications/Xcode.app/Contents/Developer/Library/Frameworks/Python3.framework/Versions/3.9/lib/python3.9',
    '/Applications/Xcode.app/Contents/Developer/Library/Frameworks/Python3.framework/Versions/3.9/lib/python3.9/lib-dynload',
  ]
Fatal Python error: init_fs_encoding: failed to get the Python codec of the filesystem encoding
Python runtime state: core initialized
Traceback (most recent call last):
  File "<frozen importlib._bootstrap_external>", line 1353, in _path_importer_cache
KeyError: 'src'

During handling of the above exception, another exception occurred:

Traceback (most recent call last):
  File "<frozen importlib._bootstrap>", line 1007, in _find_and_load
  File "<frozen importlib._bootstrap>", line 982, in _find_and_load_unlocked
  File "<frozen importlib._bootstrap>", line 925, in _find_spec
  File "<frozen importlib._bootstrap_external>", line 1414, in find_spec
  File "<frozen importlib._bootstrap_external>", line 1383, in _get_spec
  File "<frozen importlib._bootstrap_external>", line 1355, in _path_importer_cache
  File "<frozen importlib._bootstrap_external>", line 1331, in _path_hooks
  File "<frozen importlib._bootstrap_external>", line 1601, in path_hook_for_FileFinder
  File "<frozen importlib._bootstrap_external>", line 1477, in __init__
PermissionError: [Errno 1] Operation not permitted
Python path configuration:
  PYTHONHOME = (not set)
  PYTHONPATH = 'src'
  program name = '/Applications/Xcode.app/Contents/Developer/usr/bin/python3'
  isolated = 0
  environment = 1
  user site = 1
  import site = 1
  sys._base_executable = '/Applications/Xcode.app/Contents/Developer/usr/bin/python3'
  sys.base_prefix = '/Applications/Xcode.app/Contents/Developer/Library/Frameworks/Python3.framework/Versions/3.9'
  sys.base_exec_prefix = '/Applications/Xcode.app/Contents/Developer/Library/Frameworks/Python3.framework/Versions/3.9'
  sys.platlibdir = 'lib'
  sys.executable = '/Applications/Xcode.app/Contents/Developer/usr/bin/python3'
  sys.prefix = '/Applications/Xcode.app/Contents/Developer/Library/Frameworks/Python3.framework/Versions/3.9'
  sys.exec_prefix = '/Applications/Xcode.app/Contents/Developer/Library/Frameworks/Python3.framework/Versions/3.9'
  sys.path = [
    'src',
    '/Applications/Xcode.app/Contents/Developer/Library/Frameworks/Python3.framework/Versions/3.9/lib/python39.zip',
    '/Applications/Xcode.app/Contents/Developer/Library/Frameworks/Python3.framework/Versions/3.9/lib/python3.9',
    '/Applications/Xcode.app/Contents/Developer/Library/Frameworks/Python3.framework/Versions/3.9/lib/python3.9/lib-dynload',
  ]
Fatal Python error: init_fs_encoding: failed to get the Python codec of the filesystem encoding
Python runtime state: core initialized
Traceback (most recent call last):
  File "<frozen importlib._bootstrap_external>", line 1353, in _path_importer_cache
KeyError: 'src'

During handling of the above exception, another exception occurred:

Traceback (most recent call last):
  File "<frozen importlib._bootstrap>", line 1007, in _find_and_load
  File "<frozen importlib._bootstrap>", line 982, in _find_and_load_unlocked
  File "<frozen importlib._bootstrap>", line 925, in _find_spec
  File "<frozen importlib._bootstrap_external>", line 1414, in find_spec
  File "<frozen importlib._bootstrap_external>", line 1383, in _get_spec
  File "<frozen importlib._bootstrap_external>", line 1355, in _path_importer_cache
  File "<frozen importlib._bootstrap_external>", line 1331, in _path_hooks
  File "<frozen importlib._bootstrap_external>", line 1601, in path_hook_for_FileFinder
  File "<frozen importlib._bootstrap_external>", line 1477, in __init__
PermissionError: [Errno 1] Operation not permitted
Python path configuration:
  PYTHONHOME = (not set)
  PYTHONPATH = 'src'
  program name = '/Applications/Xcode.app/Contents/Developer/usr/bin/python3'
  isolated = 0
  environment = 1
  user site = 1
  import site = 1
  sys._base_executable = '/Applications/Xcode.app/Contents/Developer/usr/bin/python3'
  sys.base_prefix = '/Applications/Xcode.app/Contents/Developer/Library/Frameworks/Python3.framework/Versions/3.9'
  sys.base_exec_prefix = '/Applications/Xcode.app/Contents/Developer/Library/Frameworks/Python3.framework/Versions/3.9'
  sys.platlibdir = 'lib'
  sys.executable = '/Applications/Xcode.app/Contents/Developer/usr/bin/python3'
  sys.prefix = '/Applications/Xcode.app/Contents/Developer/Library/Frameworks/Python3.framework/Versions/3.9'
  sys.exec_prefix = '/Applications/Xcode.app/Contents/Developer/Library/Frameworks/Python3.framework/Versions/3.9'
  sys.path = [
    'src',
    '/Applications/Xcode.app/Contents/Developer/Library/Frameworks/Python3.framework/Versions/3.9/lib/python39.zip',
    '/Applications/Xcode.app/Contents/Developer/Library/Frameworks/Python3.framework/Versions/3.9/lib/python3.9',
    '/Applications/Xcode.app/Contents/Developer/Library/Frameworks/Python3.framework/Versions/3.9/lib/python3.9/lib-dynload',
  ]
Fatal Python error: init_fs_encoding: failed to get the Python codec of the filesystem encoding
Python runtime state: core initialized
Traceback (most recent call last):
  File "<frozen importlib._bootstrap_external>", line 1353, in _path_importer_cache
KeyError: 'src'

During handling of the above exception, another exception occurred:

Traceback (most recent call last):
  File "<frozen importlib._bootstrap>", line 1007, in _find_and_load
  File "<frozen importlib._bootstrap>", line 982, in _find_and_load_unlocked
  File "<frozen importlib._bootstrap>", line 925, in _find_spec
  File "<frozen importlib._bootstrap_external>", line 1414, in find_spec
  File "<frozen importlib._bootstrap_external>", line 1383, in _get_spec
  File "<frozen importlib._bootstrap_external>", line 1355, in _path_importer_cache
  File "<frozen importlib._bootstrap_external>", line 1331, in _path_hooks
  File "<frozen importlib._bootstrap_external>", line 1601, in path_hook_for_FileFinder
  File "<frozen importlib._bootstrap_external>", line 1477, in __init__
PermissionError: [Errno 1] Operation not permitted
Python path configuration:
  PYTHONHOME = (not set)
  PYTHONPATH = 'src'
  program name = '/Applications/Xcode.app/Contents/Developer/usr/bin/python3'
  isolated = 0
  environment = 1
  user site = 1
  import site = 1
  sys._base_executable = '/Applications/Xcode.app/Contents/Developer/usr/bin/python3'
  sys.base_prefix = '/Applications/Xcode.app/Contents/Developer/Library/Frameworks/Python3.framework/Versions/3.9'
  sys.base_exec_prefix = '/Applications/Xcode.app/Contents/Developer/Library/Frameworks/Python3.framework/Versions/3.9'
  sys.platlibdir = 'lib'
  sys.executable = '/Applications/Xcode.app/Contents/Developer/usr/bin/python3'
  sys.prefix = '/Applications/Xcode.app/Contents/Developer/Library/Frameworks/Python3.framework/Versions/3.9'
  sys.exec_prefix = '/Applications/Xcode.app/Contents/Developer/Library/Frameworks/Python3.framework/Versions/3.9'
  sys.path = [
    'src',
    '/Applications/Xcode.app/Contents/Developer/Library/Frameworks/Python3.framework/Versions/3.9/lib/python39.zip',
    '/Applications/Xcode.app/Contents/Developer/Library/Frameworks/Python3.framework/Versions/3.9/lib/python3.9',
    '/Applications/Xcode.app/Contents/Developer/Library/Frameworks/Python3.framework/Versions/3.9/lib/python3.9/lib-dynload',
  ]
Fatal Python error: init_fs_encoding: failed to get the Python codec of the filesystem encoding
Python runtime state: core initialized
Traceback (most recent call last):
  File "<frozen importlib._bootstrap_external>", line 1353, in _path_importer_cache
KeyError: 'src'

During handling of the above exception, another exception occurred:

Traceback (most recent call last):
  File "<frozen importlib._bootstrap>", line 1007, in _find_and_load
  File "<frozen importlib._bootstrap>", line 982, in _find_and_load_unlocked
  File "<frozen importlib._bootstrap>", line 925, in _find_spec
  File "<frozen importlib._bootstrap_external>", line 1414, in find_spec
  File "<frozen importlib._bootstrap_external>", line 1383, in _get_spec
  File "<frozen importlib._bootstrap_external>", line 1355, in _path_importer_cache
  File "<frozen importlib._bootstrap_external>", line 1331, in _path_hooks
  File "<frozen importlib._bootstrap_external>", line 1601, in path_hook_for_FileFinder
  File "<frozen importlib._bootstrap_external>", line 1477, in __init__
PermissionError: [Errno 1] Operation not permitted
2026-07-24 23:44:02.657 | WARNING  | gold_miner.data.jd_accumulation_gold:fetch:122 - 本地京东历史仅 2 条, 不足 14 条, 使用 SGE Au99.99 代理回填
🟢 金价监控 | 23:44:03
💰 887.81元/克 (+0.49%)
📊 成本¥894 | 浮亏 0.7%
⚠️ 已破成本线 (浮亏0.7%), 注意止损位

  📈 反弹 +1.1% | 878→888 (低点回升 ¥10)
   本轮跌幅: 882→878 (0.5%), 已收复 239%
   距成本线还差 ¥6 (0.7%)
2026-07-24 23:50:03.361 | WARNING  | gold_miner.data.jd_accumulation_gold:fetch:122 - 本地京东历史仅 2 条, 不足 14 条, 使用 SGE Au99.99 代理回填
🟢 金价监控 | 23:50:03
💰 887.83元/克 (+0.49%)
📊 成本¥894 | 浮亏 0.7%
⚠️ 已破成本线 (浮亏0.7%), 注意止损位

  📈 反弹 +1.1% | 878→888 (低点回升 ¥10)
   本轮跌幅: 882→878 (0.5%), 已收复 239%
   距成本线还差 ¥6 (0.7%)
2026-07-24 23:56:01.944 | WARNING  | gold_miner.data.jd_accumulation_gold:fetch:122 - 本地京东历史仅 2 条, 不足 14 条, 使用 SGE Au99.99 代理回填
🟢 金价监控 | 23:56:02
💰 888.51元/克 (+0.57%)
📊 成本¥894 | 浮亏 0.6%
⚠️ 已破成本线 (浮亏0.6%), 注意止损位

  📈 反弹 +1.2% | 878→889 (低点回升 ¥10)
   本轮跌幅: 882→878 (0.5%), 已收复 256%
   距成本线还差 ¥6 (0.6%)
2026-07-25 00:02:02.266 | INFO     | gold_miner.proxy.manager:_find_binary:80 - 发现代理二进制: /Users/jiangxiaoqiang/Documents/workspace/ai-gold-miner/src/gold_miner/proxy/mihomo
2026-07-25 00:02:02.441 | INFO     | gold_miner.data.jd_accumulation_gold:_append_history:217 - 已更新京东积存金历史数据: data/jd_ms_gold_history.csv, 共 3 条
2026-07-25 00:02:02.443 | WARNING  | gold_miner.data.jd_accumulation_gold:fetch:122 - 本地京东历史仅 3 条, 不足 14 条, 使用 SGE Au99.99 代理回填
🟢 金价监控 | 00:02:02
💰 888.42元/克 (+0.00%)
📊 成本¥894 | 浮亏 0.7%
⚠️ 已破成本线 (浮亏0.7%), 注意止损位

  📈 反弹 +1.2% | 878→888 (低点回升 ¥10)
   本轮跌幅: 882→878 (0.5%), 已收复 254%
   距成本线还差 ¥6 (0.7%)
2026-07-25 00:08:02.606 | WARNING  | gold_miner.data.jd_accumulation_gold:fetch:122 - 本地京东历史仅 3 条, 不足 14 条, 使用 SGE Au99.99 代理回填
🟢 金价监控 | 00:08:03
💰 888.38元/克 (-0.00%)
📊 成本¥894 | 浮亏 0.7%
⚠️ 已破成本线 (浮亏0.7%), 注意止损位

  📈 反弹 +1.1% | 878→888 (低点回升 ¥10)
   本轮跌幅: 882→878 (0.5%), 已收复 253%
   距成本线还差 ¥6 (0.7%)
2026-07-25 00:14:02.033 | WARNING  | gold_miner.data.jd_accumulation_gold:fetch:122 - 本地京东历史仅 3 条, 不足 14 条, 使用 SGE Au99.99 代理回填
🟢 金价监控 | 00:14:02
💰 888.19元/克 (-0.03%)
📊 成本¥894 | 浮亏 0.7%
⚠️ 已破成本线 (浮亏0.7%), 注意止损位

  📈 反弹 +1.1% | 878→888 (低点回升 ¥10)
   本轮跌幅: 882→878 (0.5%), 已收复 248%
   距成本线还差 ¥6 (0.7%)
2026-07-25 00:20:02.145 | WARNING  | gold_miner.data.jd_accumulation_gold:fetch:122 - 本地京东历史仅 3 条, 不足 14 条, 使用 SGE Au99.99 代理回填
🟢 金价监控 | 00:20:02
💰 888.19元/克 (-0.03%)
📊 成本¥894 | 浮亏 0.7%
⚠️ 已破成本线 (浮亏0.7%), 注意止损位

  📈 反弹 +1.1% | 878→888 (低点回升 ¥10)
   本轮跌幅: 882→878 (0.5%), 已收复 248%
   距成本线还差 ¥6 (0.7%)
2026-07-25 00:26:02.652 | WARNING  | gold_miner.data.jd_accumulation_gold:fetch:122 - 本地京东历史仅 3 条, 不足 14 条, 使用 SGE Au99.99 代理回填
🟢 金价监控 | 00:26:03
💰 888.55元/克 (+0.01%)
📊 成本¥894 | 浮亏 0.6%
⚠️ 已破成本线 (浮亏0.6%), 注意止损位

  📈 反弹 +1.2% | 878→889 (低点回升 ¥10)
   本轮跌幅: 882→878 (0.5%), 已收复 257%
   距成本线还差 ¥6 (0.6%)
2026-07-25 00:46:03.240 | WARNING  | gold_miner.data.jd_accumulation_gold:fetch:122 - 本地京东历史仅 3 条, 不足 14 条, 使用 SGE Au99.99 代理回填
🟢 金价监控 | 00:46:03
💰 886.69元/克 (-0.19%)
📊 成本¥894 | 浮亏 0.8%
📉 日内走弱 (-0.19%)
⚠️ 已破成本线 (浮亏0.8%), 注意止损位

  📈 反弹 +1.0% | 878→887 (低点回升 ¥8)
   本轮跌幅: 882→878 (0.5%), 已收复 211%
   距成本线还差 ¥8 (0.8%)
2026-07-25 00:52:02.253 | WARNING  | gold_miner.data.jd_accumulation_gold:fetch:122 - 本地京东历史仅 3 条, 不足 14 条, 使用 SGE Au99.99 代理回填
🟢 金价监控 | 00:52:02
💰 886.10元/克 (-0.26%)
📊 成本¥894 | 浮亏 0.9%
📉 日内走弱 (-0.26%)
⚠️ 已破成本线 (浮亏0.9%), 注意止损位

  📈 反弹 +0.9% | 878→886 (低点回升 ¥8)
   本轮跌幅: 882→878 (0.5%), 已收复 196%
   距成本线还差 ¥8 (0.9%)
2026-07-25 00:58:02.080 | WARNING  | gold_miner.data.jd_accumulation_gold:fetch:122 - 本地京东历史仅 3 条, 不足 14 条, 使用 SGE Au99.99 代理回填
🟢 金价监控 | 00:58:02
💰 886.61元/克 (-0.20%)
📊 成本¥894 | 浮亏 0.9% ⚠️ 已破成本线, 注意止损位
📉 日内走弱 (-0.20%)

  📈 反弹 +0.9% | 878→887 (低点回升 ¥8)
   本轮跌幅: 882→878 (0.5%), 已收复全部跌幅 ✅
2026-07-25 01:04:01.747 | WARNING  | gold_miner.data.jd_accumulation_gold:fetch:122 - 本地京东历史仅 3 条, 不足 14 条, 使用 SGE Au99.99 代理回填
🟢 金价监控 | 01:04:02
💰 886.86元/克 (-0.18%)
📊 成本¥894 | 浮亏 0.8% ⚠️ 已破成本线, 注意止损位
📉 日内走弱 (-0.18%)

  📈 低点反弹 +1.0% | 878.28 → 886.86 (回升 ¥8.58)
2026-07-25 01:25:02.149 | WARNING  | gold_miner.data.jd_accumulation_gold:fetch:122 - 本地京东历史仅 3 条, 不足 14 条, 使用 SGE Au99.99 代理回填
🟢 金价监控 | 01:25:02
💰 886.88元/克 (-0.17%)
📊 成本¥894 | 浮亏 0.8% ⚠️ 已破成本线, 注意止损位
📉 日内走弱 (-0.17%)

  📈 低点反弹 +1.0% | 878.28 → 886.88 (回升 ¥8.60)
2026-07-25 01:31:02.839 | WARNING  | gold_miner.data.jd_accumulation_gold:fetch:122 - 本地京东历史仅 3 条, 不足 14 条, 使用 SGE Au99.99 代理回填
🟢 金价监控 | 01:31:03
💰 887.13元/克 (-0.15%)
📊 成本¥894 | 浮亏 0.8% ⚠️ 已破成本线, 注意止损位

  📈 低点反弹 +1.0% | 878.28 → 887.13 (回升 ¥8.85)
2026-07-25 01:37:02.024 | WARNING  | gold_miner.data.jd_accumulation_gold:fetch:122 - 本地京东历史仅 3 条, 不足 14 条, 使用 SGE Au99.99 代理回填
🟢 金价监控 | 01:37:02
💰 887.14元/克 (-0.14%)
📊 成本¥894 | 浮亏 0.8% ⚠️ 已破成本线, 注意止损位

  📈 低点反弹 +1.0% | 878.28 → 887.14 (回升 ¥8.86)
2026-07-25 01:43:02.554 | WARNING  | gold_miner.data.jd_accumulation_gold:fetch:122 - 本地京东历史仅 3 条, 不足 14 条, 使用 SGE Au99.99 代理回填
🟢 金价监控 | 01:43:03
💰 886.80元/克 (-0.18%)
📊 成本¥894 | 浮亏 0.8% ⚠️ 已破成本线, 注意止损位
📉 日内走弱 (-0.18%)

  📈 低点反弹 +1.0% | 878.28 → 886.80 (回升 ¥8.52)
2026-07-25 01:49:02.668 | WARNING  | gold_miner.data.jd_accumulation_gold:fetch:122 - 本地京东历史仅 3 条, 不足 14 条, 使用 SGE Au99.99 代理回填
🟢 金价监控 | 01:49:03
💰 886.39元/克 (-0.23%)
📊 成本¥894 | 浮亏 0.9% | 净-1.3%(已扣0.4%卖出费) 净保本¥898 ⚠️ 已破净保本线, 卖出即实亏
📉 日内走弱 (-0.23%)

  📈 低点反弹 +0.9% | 878.28 → 886.39 (回升 ¥8.11)
